timestep,week,duration_h,demand_MW_s0,demand_MW_s1,demand_MW_s2,demand_MW_s3,demand_MW_s4,demand_MW_s5,demand_MW_s6,demand_MW_s7,demand_MW_s8,demand_MW_s9
0,0,24.0,52719.33,49506.07,52478.87,52292.69,51890.65,52590.40,51318.22,52064.06,52637.04,52110.45
1,0,24.0,49227.38,49075.20,49781.43,50077.01,49297.16,50115.10,49846.98,49795.98,49233.73,48858.59
2,0,24.0,52636.56,50951.51,53746.46,53358.09,53894.94,55468.54,51838.91,54802.63,52161.71,53639.14
3,0,24.0,52289.67,52514.74,52753.16,52616.62,54087.50,57166.45,51954.74,55782.04,53123.66,54542.93
4,0,24.0,52329.46,52128.09,54386.75,52860.41,55129.32,57044.62,51179.61,55942.83,53820.56,52479.50
5,0,24.0,52914.99,52248.65,53815.17,53443.12,54712.70,56911.28,50547.53,55321.03,51724.61,52670.11
6,0,24.0,52344.94,52544.63,53222.53,53091.99,54813.82,56590.47,51042.99,54031.50,53970.75,53486.06
7,1,24.0,49171.38,53660.41,53665.17,52824.55,51480.83,52870.76,51271.81,51848.96,53322.44,52393.93
8,1,24.0,46493.49,50662.82,50816.44,50642.71,48207.94,50811.07,49524.09,49959.04,49505.38,50762.68
9,1,24.0,50442.88,54726.70,54666.55,54350.34,53606.45,55148.86,54698.31,54028.81,53980.40,53470.26
10,1,24.0,52153.60,54453.74,55431.13,53796.01,55067.90,56505.00,54744.59,52726.88,54706.33,52027.77
11,1,24.0,52693.29,54212.52,56292.97,53294.95,54887.03,57381.63,55471.89,54243.54,54468.50,53534.46
12,1,24.0,54021.20,54878.13,56538.73,53856.19,52869.32,56983.71,54682.56,54264.10,54899.09,53779.79
13,1,24.0,54193.88,53955.27,55853.33,53824.56,51971.24,56807.23,55446.56,55040.05,53421.86,53566.47
14,2,24.0,51650.50,52915.68,54154.83,53970.24,49504.36,52313.43,52487.78,51511.60,53645.77,51474.29
15,2,24.0,47992.75,50731.84,51608.12,51046.15,47305.95,50862.31,50128.80,48938.21,50466.68,48511.26
16,2,24.0,53495.53,56385.98,58483.33,54412.79,51035.14,54044.38,53525.32,53944.09,55842.08,49612.76
17,2,24.0,54612.12,55813.35,58939.43,56166.56,51569.65,56158.05,55031.02,55074.49,56601.01,51266.61
18,2,24.0,53943.86,56429.91,58227.19,54989.09,53120.39,54033.54,55385.47,54392.64,55347.01,51515.00
19,2,24.0,55869.38,55470.80,58583.45,56340.68,53676.92,54847.51,55227.54,55532.32,55224.34,52811.69
20,2,24.0,55505.22,56402.23,58988.20,54949.88,53146.94,54294.60,55521.91,54708.34,56181.40,53090.13
21,3,24.0,54182.63,53758.46,54274.12,51637.89,49582.07,53311.36,55325.86,54351.24,53341.30,54020.91
22,3,24.0,51234.08,50837.58,52109.77,50599.05,47070.77,50594.04,53172.85,51211.42,52423.43,51282.18
23,3,24.0,56160.77,56365.42,56771.48,54730.96,50608.83,55775.86,56015.75,56785.67,54644.28,56367.21
24,3,24.0,55577.95,59335.27,57670.10,53299.77,51004.50,57169.56,56879.57,56817.82,54492.90,56961.00
25,3,24.0,53426.26,57963.59,56840.78,55502.77,50802.15,55827.81,59438.39,56132.02,55262.04,56200.23
26,3,24.0,53544.55,60631.16,57398.70,55574.72,51252.87,54630.24,58819.93,56509.50,54818.26,56571.54
27,3,24.0,55003.66,62077.45,58192.42,54977.39,52923.59,55630.51,58532.62,57998.36,53469.52,56016.68
28,4,24.0,51949.56,59834.92,55898.32,54373.51,50573.28,51395.85,55484.21,54941.62,55763.80,54772.74
29,4,24.0,49524.01,56658.31,53469.62,51283.50,48967.61,49913.60,53291.11,52405.73,54351.49,52679.33
30,4,24.0,54119.91,60795.07,57812.06,56513.67,51636.19,55917.22,58617.69,56303.94,58124.55,55050.01
31,4,24.0,55869.88,60744.94,57426.34,56338.63,53553.34,55984.97,58388.82,57108.10,57101.12,55422.21
32,4,24.0,56138.68,59470.93,57358.19,58053.20,51390.53,56626.32,60185.93,57373.59,58481.47,57486.96
33,4,24.0,56897.07,60730.41,58809.74,58780.05,52675.98,54870.11,58212.23,59054.29,56143.32,56264.15
34,4,24.0,54881.94,61024.37,58052.04,58893.16,53233.85,56628.76,59034.29,59607.87,56586.32,57177.00
35,5,24.0,52937.88,55373.98,55868.16,55612.70,50893.26,54192.74,56331.26,54641.83,56521.77,57667.30
36,5,24.0,51768.00,53197.55,54224.17,53688.45,51010.79,52102.24,53832.69,51835.96,54146.53,55020.02
37,5,24.0,55398.07,59862.18,57543.23,60710.25,53045.25,58028.88,59471.54,57657.32,58193.47,59875.66
38,5,24.0,57361.19,59816.86,59182.80,61825.29,54195.30,60206.29,58397.32,57716.81,57138.03,61277.30
39,5,24.0,57328.77,59760.05,60550.36,60629.78,55291.41,60889.68,59757.90,58124.24,58376.14,60667.19
40,5,24.0,57290.05,60610.31,59652.16,59727.34,56149.48,62200.48,61104.82,59215.93,57968.23,61731.73
41,5,24.0,54769.40,59262.84,59134.37,55946.87,56205.65,63441.39,62377.78,58182.45,58354.40,63908.18
42,6,24.0,50614.00,56686.51,61249.28,51705.48,59720.49,62518.12,60361.66,54075.44,59650.49,60714.28
43,6,24.0,48877.68,54886.43,58430.47,47707.28,57406.50,61021.89,62875.97,51504.55,57434.62,59929.78
44,6,24.0,55872.63,61115.81,59327.72,54991.66,59185.31,64746.89,61598.06,58367.21,60536.85,64255.88
45,6,24.0,55608.26,62792.03,59240.74,55543.61,58774.81,67335.40,62856.89,59392.53,61419.70,64743.69
46,6,24.0,54187.04,62732.97,61148.37,58791.23,61323.89,66281.16,62627.67,60677.85,61107.36,62995.31
47,6,24.0,55557.46,60809.73,62454.18,58938.04,59993.92,64145.40,63725.55,60486.52,60340.21,61878.32
48,6,24.0,54546.86,60414.57,61797.20,59481.21,60897.19,63308.73,62756.30,61183.82,61818.58,65200.26
49,7,24.0,48581.56,58984.16,58188.33,56226.34,60491.46,58921.31,61584.93,58277.10,60989.69,58040.72
50,7,24.0,45473.37,56049.42,55339.88,55813.95,57132.38,56578.26,59219.11,54983.70,57840.10,54191.85
51,7,24.0,48177.70,58135.32,56901.10,57110.91,58303.67,55132.10,62701.04,56361.23,59603.96,56496.90
52,7,24.0,52167.23,57209.40,53186.39,58617.56,57033.64,58169.59,62165.10,58817.86,55531.19,54607.01
53,7,24.0,61403.45,66160.42,61944.97,64577.42,63362.03,65522.46,65653.74,64230.21,63450.35,61983.74
54,7,24.0,62725.37,68675.79,62470.04,66558.69,63351.49,66429.77,66046.71,64762.74,65017.14,62202.89
55,7,24.0,62989.21,69525.69,61926.05,66393.55,61711.92,68501.24,68562.75,64514.80,65997.76,62856.66
56,8,24.0,59921.73,66184.43,58383.59,59044.24,56233.81,66684.39,63035.71,59626.73,63586.05,59207.89
57,8,24.0,57785.98,61877.28,52090.24,56138.83,53083.11,64751.34,59196.14,56736.13,60073.13,56662.76
58,8,24.0,63633.97,65729.85,58131.02,63910.57,58374.31,67882.98,65293.80,63369.36,63440.32,63240.86
59,8,24.0,64536.43,65555.48,60637.53,65189.59,59035.49,68293.32,64642.06,65123.46,65087.95,63755.65
60,8,24.0,63312.57,64836.96,62765.25,65254.54,58287.57,68197.71,63605.13,65126.33,65777.08,64863.98
61,8,24.0,62879.53,65331.53,62210.42,66819.66,59200.84,69805.40,63094.14,65340.82,65948.05,63819.75
62,8,24.0,57011.44,59111.59,56548.69,59472.96,52404.96,65215.79,56830.21,62143.88,59131.39,60103.65
63,9,24.0,57969.32,58649.13,60544.35,59965.43,53552.83,64000.59,61267.11,64923.97,60020.99,59916.42
64,9,24.0,55062.23,57117.78,56282.33,58752.53,51759.88,58655.96,59103.30,63009.88,60094.46,55579.15
65,9,24.0,64350.41,63428.53,60436.60,66412.09,59819.17,65868.40,64456.40,68627.81,66329.67,60992.53
66,9,24.0,64757.15,64062.66,64281.43,67865.74,62548.14,67442.34,65815.87,68314.23,67494.80,62491.45
67,9,24.0,65876.19,64510.27,64332.08,68568.91,62456.90,68550.70,64827.48,66458.61,67389.02,64461.01
68,9,24.0,65017.98,63893.07,66989.16,69721.34,61737.41,70703.97,64213.95,67029.39,68486.14,64642.73
69,9,24.0,65242.55,63230.17,68079.34,70530.51,62976.74,69286.66,63627.87,68553.71,67774.31,65503.19
70,10,24.0,61882.44,58005.57,64473.48,69660.56,59557.23,65069.48,60596.89,65560.64,64842.43,63124.17
71,10,24.0,60351.58,55408.28,62096.82,69586.10,57291.72,60472.04,59565.71,64130.13,62506.01,60842.75
72,10,24.0,66691.23,60738.88,70385.49,72960.95,61937.49,65984.72,67726.86,67605.77,68368.44,67024.69
73,10,24.0,66426.33,63818.85,70642.08,73626.08,61510.94,65891.35,68411.49,67503.29,66066.29,67007.82
74,10,24.0,66440.96,68340.89,68705.16,72095.03,61894.57,66752.45,71135.58,67645.44,65113.67,64404.50
75,10,24.0,65938.55,69114.04,67192.70,69675.47,62975.73,68333.14,69738.95,68392.26,63534.10,66046.77
76,10,24.0,65073.49,71510.60,67993.02,69886.43,63778.37,67151.26,71949.96,68918.95,61207.83,66019.62
77,11,24.0,62517.14,67994.65,64659.20,66518.86,59945.04,62572.51,68919.68,65249.16,53896.82,57403.50
78,11,24.0,57026.48,64518.78,61855.02,62934.54,56741.90,62891.10,66882.10,62929.37,51743.68,56162.13
79,11,24.0,61417.19,67285.05,66086.95,70091.42,62332.26,70305.75,72812.30,69608.87,60327.76,63482.63
80,11,24.0,62418.03,68341.12,67179.14,71910.68,62809.17,69729.81,73088.01,70493.23,61768.24,65633.67
81,11,24.0,64483.14,68992.73,67248.50,69803.05,60908.42,70323.38,72989.55,71887.90,63203.28,64546.08
82,11,24.0,66710.37,73746.79,67659.96,72400.94,61427.32,69740.86,72559.48,71683.19,65928.03,67888.14
83,11,24.0,68109.49,73889.44,68584.77,71655.05,61542.02,70120.28,75673.61,72902.24,66202.52,71171.59
84,12,24.0,65435.00,71662.82,62992.20,69667.56,63307.73,72224.93,68766.00,64119.97,60500.98,68474.39
85,12,24.0,63665.78,70872.99,60536.21,71849.33,61065.91,69619.93,67011.61,61581.40,57809.75,63948.78
86,12,24.0,69296.91,71781.27,67347.40,80313.94,64588.05,74716.01,74393.41,70742.95,66143.88,68264.56
87,12,24.0,69077.88,74015.69,68949.23,81507.39,66664.87,75074.71,75998.29,73679.19,68774.80,69631.65
88,12,24.0,69802.07,70862.44,67832.68,82044.32,65570.84,74079.30,76563.03,76455.79,70113.02,71592.38
89,12,24.0,70945.72,73451.20,69806.38,80649.38,70378.04,74723.98,73832.33,75881.83,69131.57,72608.05
90,12,24.0,70970.78,72275.88,69492.98,82259.37,68995.61,74646.40,74450.09,75643.81,68946.02,73140.23
91,13,24.0,67330.61,69271.25,64396.45,77305.38,65097.52,64082.54,70083.55,71406.56,63965.60,67975.14
92,13,24.0,63379.38,66272.04,62504.33,76069.73,62003.35,61018.16,66858.46,69236.61,61313.88,66347.87
93,13,24.0,68702.68,72665.65,70674.33,75770.32,66085.68,71130.80,72274.05,73089.60,67376.51,74547.26
94,13,24.0,69532.46,72984.23,71548.85,77087.94,66995.85,72849.78,76364.39,72978.82,68276.01,71612.76
95,13,24.0,72114.61,70390.71,71603.28,76199.27,70461.38,72237.38,75657.34,74770.30,70049.34,74682.05
96,13,24.0,71043.92,72486.75,69817.70,75779.02,69690.37,70645.04,74114.63,74221.42,68467.00,73895.20
97,13,24.0,73276.50,71956.15,70283.71,77172.35,71214.98,71344.36,76709.51,77296.91,70920.09,73450.95
98,14,24.0,66313.12,67440.62,64202.22,68679.54,66029.48,67373.36,69843.00,70388.78,68358.00,68915.95
99,14,24.0,63167.12,63485.06,62276.58,65350.88,61702.20,66011.96,65853.91,67140.66,68544.24,68221.36
100,14,24.0,70213.22,70582.86,68916.23,72410.35,69642.34,74463.42,69789.38,72808.75,71216.21,71563.06
101,14,24.0,70395.30,72637.57,69326.08,72951.10,72825.78,77005.21,66676.48,73179.43,74342.32,71812.59
102,14,24.0,69976.75,72661.66,69243.12,73156.44,73338.59,77643.54,69345.31,72551.97,75299.71,70232.02
103,14,24.0,70375.22,70230.66,71360.70,69912.40,71218.43,76442.44,74101.79,73702.86,76758.85,70077.31
104,14,24.0,70676.10,71060.78,69570.18,69327.56,70549.39,71954.51,74451.42,73937.24,76082.15,67271.46
105,15,24.0,72694.84,68717.77,64714.91,64179.44,63598.58,62512.72,69795.29,70737.13,65246.14,57402.13
106,15,24.0,70593.15,67041.07,60432.79,63258.96,59490.11,60671.66,67900.98,67934.33,59928.32,56308.54
107,15,24.0,74754.89,72552.37,67691.09,67224.42,63489.51,67834.23,72194.49,72842.52,66503.64,63324.44
108,15,24.0,75773.37,72962.21,69252.41,66514.33,66188.33,70760.18,72349.19,76590.72,69602.37,65093.85
109,15,24.0,74256.34,72787.72,71455.09,66642.07,67430.85,72699.57,71119.26,78329.87,69186.29,65636.32
110,15,24.0,73511.04,69506.81,72374.16,66210.76,64566.06,76275.82,71693.24,77695.02,68278.11,65765.00
111,15,24.0,71971.24,66795.89,70419.46,67516.19,62719.03,76728.68,69638.52,78015.31,67440.32,64762.49
112,16,24.0,69180.41,62324.18,68606.15,66361.02,57525.82,74034.53,64309.63,73582.82,63501.05,60185.60
113,16,24.0,62671.18,58536.11,68116.55,63276.33,59891.97,75373.69,60128.31,70277.81,60098.81,59602.48
114,16,24.0,69958.69,66808.53,71016.50,68170.82,69152.84,78695.52,64481.77,72811.49,71532.47,68300.26
115,16,24.0,73352.16,72115.37,72416.12,69703.95,73476.86,83038.49,70243.56,73346.21,74782.44,70374.76
116,16,24.0,71069.34,75405.97,70886.21,68178.31,71455.15,83400.35,71726.93,72745.45,74195.32,72338.51
117,16,24.0,73464.42,73979.38,69750.62,69422.09,73167.36,83433.62,69604.43,71169.96,70605.43,72433.37
118,16,24.0,71270.79,75229.09,70125.76,69950.32,75151.33,83515.49,68904.97,69640.30,72058.02,76063.15
119,17,24.0,67267.38,66944.76,70062.84,65098.97,73775.78,77213.03,63741.24,65179.47,69522.09,70453.65
120,17,24.0,65140.15,62885.86,68165.22,64410.03,69668.03,74531.81,63193.69,63611.45,66373.57,66531.52
121,17,24.0,69789.45,70980.86,72117.19,74165.00,76533.53,78692.46,72898.40,71733.95,70688.83,72409.99
122,17,24.0,70881.22,71700.85,69320.98,74674.69,74155.31,79054.03,74093.36,73060.74,72400.22,72950.50
123,17,24.0,72339.32,71139.26,67829.63,73364.74,76913.17,80412.39,75118.25,73376.14,70901.04,75425.25
124,17,24.0,72413.75,72691.41,69326.96,74842.90,75663.78,79720.58,73998.44,71603.51,72909.77,75353.06
125,17,24.0,72971.49,73351.00,72434.47,74975.00,72976.22,80046.98,75951.37,66686.83,72078.64,74790.81
126,18,24.0,70770.63,68632.06,65648.95,70098.41,69862.33,74411.36,75541.05,60196.36,71050.90,73590.28
127,18,24.0,68786.50,68182.17,59997.55,67163.23,66154.41,70237.50,73859.82,61056.45,68551.17,71516.11
128,18,24.0,73270.76,70625.92,67098.81,73012.16,70822.73,76959.81,81225.73,68591.23,69714.54,73712.85
129,18,24.0,74067.44,72612.72,69827.47,73363.77,70308.05,77387.44,81814.54,70318.85,71919.08,72381.55
130,18,24.0,72445.67,71821.72,70493.93,71853.25,70439.68,77833.28,80937.61,69041.33,74385.05,71834.40
131,18,24.0,73995.98,70029.93,70549.51,74344.71,69602.43,78273.74,79177.34,70423.52,74391.40,72441.00
132,18,24.0,70864.81,74733.51,71677.88,73441.90,69423.16,78509.44,78882.25,70502.21,74422.36,71956.46
133,19,24.0,61377.98,71213.59,66820.13,64881.42,64251.18,72350.57,72323.51,67254.32,71098.69,63447.05
134,19,24.0,57994.51,69603.33,67579.28,61480.87,64807.72,70758.07,69058.78,65452.99,67822.17,60736.70
135,19,24.0,68013.61,74807.48,71121.60,70495.12,71886.85,76086.32,73035.56,73118.03,71875.43,68759.99
136,19,24.0,70614.41,74646.73,71496.07,72545.14,70165.45,74569.46,71991.77,73996.68,71649.46,68805.04
137,19,24.0,71494.27,73411.05,71419.50,74395.99,67575.74,77633.53,72592.88,74679.59,75735.23,70616.14
138,19,24.0,71711.73,71978.61,72274.57,74235.32,71545.35,75214.92,70811.70,71234.64,75487.56,71240.82
139,19,24.0,71558.37,74280.12,75076.61,71729.94,71127.26,73038.61,69994.58,71495.91,76632.54,70703.54
140,20,24.0,66513.53,71007.43,71460.36,64552.55,75007.10,66030.84,64141.31,66615.19,73344.36,66853.15
141,20,24.0,64487.48,67765.75,68422.19,64329.93,72367.18,65126.88,61705.20,64524.13,71103.90,64391.06
142,20,24.0,71802.55,71844.95,73652.35,74357.23,76822.96,74899.85,70024.38,71581.39,75954.42,72058.93
143,20,24.0,67503.87,71034.06,74069.78,74655.06,77933.59,75857.84,69049.91,73279.98,75507.63,75228.50
144,20,24.0,65585.47,71305.44,75016.31,72569.00,79733.66,73572.46,67522.53,72085.87,74497.64,72655.66
145,20,24.0,67131.02,69577.37,75327.51,74935.67,79916.84,75665.98,65964.26,70355.84,77596.23,72897.34
146,20,24.0,71576.53,67623.08,75072.14,76930.27,78342.87,75695.90,66091.49,70935.74,78409.56,72856.14
147,21,24.0,66157.84,61895.44,67808.01,69850.76,77411.66,68461.40,60126.61,68093.02,74212.24,64052.83
148,21,24.0,65582.75,60345.76,64887.96,68480.67,77490.77,67051.83,54993.01,66888.59,72188.01,60864.01
149,21,24.0,69880.94,67753.97,67962.19,72799.84,79889.28,69264.41,61054.85,68226.11,77460.49,64949.52
150,21,24.0,71364.27,68841.93,65908.35,71799.23,81275.92,69731.20,62523.40,71023.41,77075.50,68948.84
151,21,24.0,70205.86,69844.04,66128.62,71263.96,81650.99,70127.68,64226.30,72698.24,78418.02,70989.04
152,21,24.0,68990.09,70000.04,68365.79,71555.96,80902.27,69720.54,64039.36,72627.37,78073.79,70459.51
153,21,24.0,68024.10,68234.33,66267.80,72894.77,79810.38,72011.31,64452.19,71508.82,79351.74,68780.15
154,22,24.0,68237.89,60040.10,64414.78,65191.05,77861.42,68536.85,58672.46,65669.37,77823.35,66320.50
155,22,24.0,65459.78,58702.24,64028.63,61906.62,76710.66,66978.89,56861.45,65473.18,76362.21,63528.73
156,22,24.0,71054.11,64837.24,67723.52,66518.29,79596.70,72461.83,63262.33,67334.45,83775.36,65024.42
157,22,24.0,67066.75,65287.44,67451.92,65862.58,79597.12,70228.71,61216.23,68683.17,83974.81,65857.02
158,22,24.0,64298.94,65437.05,66135.59,68224.77,80879.91,68313.78,61001.43,68253.06,83378.33,64091.35
159,22,24.0,67687.17,66819.58,64526.51,69790.97,80398.62,69462.20,60999.20,68780.28,81074.55,62985.48
160,22,24.0,66776.05,66643.85,63906.34,69743.74,80294.68,69000.65,60999.20,67597.32,80868.71,64813.24
161,23,24.0,64361.14,64588.00,62133.28,65289.38,73289.93,63342.29,58215.19,63390.80,74449.08,62585.14
162,23,24.0,63990.36,61100.50,59272.03,62968.77,71466.68,60554.41,56327.49,61606.98,73947.63,59418.38
163,23,24.0,66311.86,63096.34,64485.28,66339.47,74676.44,66088.32,58856.91,66221.86,75436.07,58054.88
164,23,24.0,67867.73,62600.22,68571.25,63473.40,74599.90,67645.99,59165.74,67596.57,74828.37,60940.63
165,23,24.0,66561.39,61624.40,63943.45,63829.17,74392.73,66576.15,59271.29,69696.04,74351.41,61304.50
166,23,24.0,66383.28,62646.90,67550.50,61997.44,74107.02,66939.49,59453.19,68342.50,70967.75,58183.14
167,23,24.0,66527.66,63199.04,69596.92,63207.97,74288.68,68707.42,59252.22,67379.46,73169.85,61821.84
168,24,24.0,67444.30,57592.26,63106.35,60351.53,70344.29,63732.38,57905.75,64765.21,68120.84,55303.24
169,24,24.0,65530.15,53755.82,60651.10,57996.77,68344.23,61746.32,55976.03,62139.59,65028.87,52593.73
170,24,24.0,66445.05,60951.97,67375.32,61925.84,75310.18,63283.63,58544.26,63960.46,75063.64,61637.24
171,24,24.0,65952.53,61817.89,66130.94,63732.04,75074.31,67976.15,58645.01,64635.91,78958.65,62854.72
172,24,24.0,67920.42,58016.45,64334.29,58855.66,74034.79,65932.81,58683.83,61671.82,79431.41,64413.16
173,24,24.0,68990.62,58373.59,62701.70,57044.72,73921.18,67350.02,57995.22,60982.44,79096.62,63399.87
174,24,24.0,69214.69,60724.76,60694.05,57360.63,73897.08,66376.11,58356.71,61376.74,79302.29,63418.67
175,25,24.0,64204.68,59573.24,61949.68,58730.29,70001.17,63244.47,55891.49,61943.45,70800.19,63175.47
176,25,24.0,60602.14,58626.04,58069.80,57233.73,67062.57,60158.20,56118.30,59832.71,66940.86,60680.84
177,25,24.0,67297.31,60554.65,57799.29,59562.87,70150.75,63104.25,59167.15,59663.18,69868.73,61658.30
178,25,24.0,65398.94,58342.66,59094.72,62233.51,69190.74,62926.20,57960.60,60130.92,69192.32,59824.17
179,25,24.0,69888.85,60904.86,58774.20,60449.34,67072.59,64661.40,57335.80,60032.67,69244.83,59424.00
180,25,24.0,69102.90,59537.55,59348.59,59676.46,71917.65,62587.98,57722.10,60588.15,69018.87,60274.92
181,25,24.0,69980.10,60553.97,60267.37,60556.65,70686.21,66007.40,58400.01,62727.39,67453.23,58883.90
182,26,24.0,64445.81,61103.35,57077.77,59841.54,63588.50,62125.50,57492.36,55641.92,62019.69,58209.35
183,26,24.0,61259.04,58266.11,54718.22,58556.22,60208.38,59315.53,56043.59,53781.35,60483.94,54578.95
184,26,24.0,66727.30,58764.24,58106.82,62345.99,63011.99,64273.11,59932.88,60192.17,67749.16,58861.48
185,26,24.0,67049.35,57893.73,58494.25,61857.25,68108.08,67131.16,57082.11,62741.50,67558.08,60278.04
186,26,24.0,63138.69,57689.12,58348.38,61328.67,65623.67,64794.46,58982.68,62307.41,70583.43,58931.49
187,26,24.0,64302.99,55906.01,58374.70,61637.09,66389.07,67067.02,57335.46,60750.89,67587.84,62463.16
188,26,24.0,61632.67,56866.49,58931.58,62681.33,66590.07,64211.99,57700.45,60423.58,67089.16,63971.53
189,27,24.0,58994.77,54172.26,58580.73,57671.23,59585.65,63650.88,53227.03,55556.37,59405.91,61613.38
190,27,24.0,56739.94,51742.14,60193.39,56255.95,56936.37,63315.73,53433.49,56221.70,55213.16,59193.09
191,27,24.0,64285.61,55521.36,60480.88,59545.48,63289.76,64420.22,58191.59,61185.31,60479.59,62282.56
192,27,24.0,65971.23,57342.39,59378.69,60420.59,60092.88,62608.19,57156.67,61778.61,61703.65,61346.26
193,27,24.0,66013.64,56503.08,59421.51,60443.06,60393.23,64264.64,60304.33,66171.68,60302.80,59809.82
194,27,24.0,66390.11,55718.71,60078.31,60538.63,60493.86,63802.47,57631.20,62794.05,60152.64,60070.71
195,27,24.0,62874.86,55138.67,63745.76,61705.62,60720.18,59832.12,56828.22,62379.39,62216.05,59947.55
196,28,24.0,63235.44,52583.78,58149.82,59485.39,56709.21,63183.37,57007.24,61840.78,58445.53,61759.27
197,28,24.0,62610.48,49638.25,55352.92,56755.06,53794.01,60555.04,53817.78,58958.47,55134.85,59445.26
198,28,24.0,62721.05,57010.44,60776.01,57279.49,58873.54,62299.24,60048.22,60776.06,62086.36,62632.31
199,28,24.0,64878.16,56155.19,62293.67,58324.21,58561.63,62313.06,59425.85,59894.33,60623.52,60141.83
200,28,24.0,64136.40,58993.66,61934.69,58473.52,56405.41,63090.28,59119.17,58885.60,59003.85,60302.34
201,28,24.0,60972.05,58079.89,62471.66,59536.81,59663.79,63340.23,59737.17,61813.83,60605.92,59510.22
202,28,24.0,58680.35,59663.41,66322.12,59218.69,58458.22,59812.33,60474.64,62144.97,61293.01,63435.02
203,29,24.0,57037.02,55053.71,60745.52,53858.85,56472.76,58724.55,53403.50,57256.85,55882.90,61457.22
204,29,24.0,56209.33,54121.26,58682.18,50919.05,53186.27,54996.82,53000.75,56473.90,54964.62,59301.49
205,29,24.0,60555.00,61979.00,62695.42,54928.51,57723.09,58702.38,55211.06,56480.97,61424.99,61086.19
206,29,24.0,58753.74,59253.23,63690.22,54645.44,59737.15,59241.13,54166.24,57777.84,62745.05,59126.54
207,29,24.0,57348.74,58782.33,61701.18,55699.06,56922.14,60167.10,54715.33,57275.46,64846.26,59518.70
208,29,24.0,59836.95,58822.01,60935.92,56743.68,56663.93,58142.11,56698.07,56874.81,64303.47,57888.72
209,29,24.0,60414.33,62235.03,61000.35,56534.38,56209.03,62925.16,56244.30,55499.98,65897.03,60816.04
210,30,24.0,55866.40,56629.30,59325.04,54152.00,55374.30,56724.74,53594.05,51950.33,59554.59,59857.30
211,30,24.0,52581.15,54142.46,57440.34,54775.07,52108.28,53818.54,51774.31,47643.98,55742.40,56680.35
212,30,24.0,58522.08,58455.44,61017.95,57264.00,57268.38,59300.27,56316.92,54385.19,62988.67,62348.25
213,30,24.0,59140.28,60862.53,61220.66,56595.89,57890.67,60481.93,56926.66,55416.56,65591.46,61910.21
214,30,24.0,59644.22,61062.17,59914.32,58117.52,57753.71,60453.77,56951.69,56687.15,63270.71,62318.18
215,30,24.0,59494.95,59737.93,61413.12,57969.64,59093.78,58793.85,56738.01,55224.97,64397.66,61389.15
216,30,24.0,59985.75,57852.99,57623.98,54672.26,60203.23,61382.44,56465.44,56362.63,63590.65,59250.58
217,31,24.0,53456.31,52833.26,51791.52,51808.45,52959.74,56514.24,50155.96,50723.52,56958.94,51247.74
218,31,24.0,50761.86,50971.23,49845.48,49442.52,49110.52,51288.18,48568.16,48242.16,54339.95,50257.99
219,31,24.0,50938.64,50165.65,50542.41,48479.61,49352.98,51116.76,48970.77,48040.46,53247.46,50743.32
220,31,24.0,58276.87,57880.08,59507.14,54242.64,55530.76,61401.38,55113.84,56124.53,59289.81,57402.50
221,31,24.0,59376.71,57834.21,56688.66,54917.17,56276.19,63671.92,57202.37,55715.51,59512.17,58551.74
222,31,24.0,58835.04,56979.08,56513.88,57715.35,55396.10,64522.23,58946.37,57823.93,59475.71,57655.48
223,31,24.0,57034.64,58133.76,56429.14,55192.32,55417.49,64738.78,55839.11,58765.22,60185.71,57001.27
224,32,24.0,54311.10,52667.28,52153.15,52296.04,50981.48,59399.94,54749.83,55348.61,54603.10,50287.01
225,32,24.0,53713.36,49673.55,50415.67,49762.23,47813.05,54317.93,51959.75,52978.37,51369.80,47935.16
226,32,24.0,58246.75,55046.97,58114.62,54995.07,54067.57,61063.09,56790.68,59089.73,58545.92,55522.45
227,32,24.0,58826.98,54735.94,56916.16,56725.89,52690.75,61119.22,57760.97,60385.92,58686.91,55687.31
228,32,24.0,57260.87,55447.96,56812.70,55841.82,52696.47,64448.49,58107.35,59827.12,58265.59,56815.34
229,32,24.0,56881.74,53285.08,58061.77,55844.64,52786.60,60942.30,56585.37,59940.59,58108.76,56946.47
230,32,24.0,56881.49,54139.93,57511.67,57773.39,53991.98,58882.75,58368.55,61719.52,55975.98,56505.95
231,33,24.0,51973.44,47572.53,54249.76,53882.58,47460.24,54345.60,51202.36,59467.87,48188.21,48933.66
232,33,24.0,48465.88,44730.87,52840.87,51259.11,42503.34,50436.55,45406.66,54938.99,46933.69,44508.65
233,33,24.0,45690.42,45273.28,52399.35,51062.20,45929.52,50414.53,45885.51,52995.52,49024.84,45674.47
234,33,24.0,51772.89,50287.68,57212.03,57602.27,53366.27,56847.57,53296.88,58934.35,56878.09,53842.10
235,33,24.0,54193.47,50549.72,59195.93,57873.07,54620.43,59076.23,56322.47,56769.07,57102.41,55673.04
236,33,24.0,55356.25,49894.81,59467.02,59159.81,54778.42,58419.77,56369.38,56621.95,56902.92,55891.69
237,33,24.0,54977.31,51690.38,60280.21,60414.61,56156.90,58039.11,55977.74,55088.27,54908.14,55982.15
238,34,24.0,48938.25,51136.29,53647.66,54259.79,47778.71,51137.59,51844.74,48339.18,48644.17,49740.86
239,34,24.0,46405.93,46598.86,50084.02,53501.28,44823.13,48239.32,49102.77,44053.01,44646.68,46774.97
240,34,24.0,47258.62,48198.56,53311.72,54628.19,45928.89,49441.39,50658.82,45909.42,47551.37,47370.72
241,34,24.0,52908.36,49630.82,56669.08,56231.42,51693.81,52753.95,53912.48,50945.80,53355.72,53435.15
242,34,24.0,52763.25,50409.57,57441.15,56250.72,51069.90,54862.69,55143.87,53537.27,52918.74,55675.96
243,34,24.0,53067.57,50642.54,56670.83,58591.60,50849.44,55607.34,51855.84,53359.10,54211.50,54017.95
244,34,24.0,51714.18,51166.47,58665.07,57951.71,51107.97,55278.16,52876.93,53374.91,52658.59,55203.53
245,35,24.0,50043.51,52009.41,53526.63,55804.36,51021.20,51627.82,50765.16,48886.03,49303.09,50937.73
246,35,24.0,48276.36,51131.24,49340.10,54411.38,48754.92,49125.76,48363.20,46495.70,47083.82,49640.43
247,35,24.0,53164.27,53223.80,55260.13,57174.91,51352.81,54455.54,52984.40,53628.86,53037.25,53753.74
248,35,24.0,54402.49,52226.44,54295.01,56396.16,54146.07,57293.80,54589.52,55209.46,53794.86,53362.93
249,35,24.0,54317.97,51444.05,54016.20,55711.52,53432.52,55902.34,54232.58,53140.27,54660.64,52614.14
250,35,24.0,54444.63,53261.13,54121.78,54979.60,53904.25,56034.09,55860.26,54555.62,52504.22,54245.64
251,35,24.0,53554.29,51294.24,54039.88,57784.86,53194.55,56037.46,54089.67,55355.96,52523.03,52609.85
252,36,24.0,51474.95,47198.09,50001.85,54896.16,50453.71,50806.31,50301.78,49861.63,48830.63,51930.34
253,36,24.0,47002.24,45299.37,47985.58,51690.12,46648.23,48571.82,47609.78,49411.91,46248.12,49643.35
254,36,24.0,52472.61,48289.18,53163.14,55826.34,52449.98,53597.30,52676.30,52768.23,51885.60,51631.18
255,36,24.0,53655.13,47949.83,54180.97,56314.00,52304.18,54379.01,52349.56,52484.59,51284.79,52053.86
256,36,24.0,53211.22,49245.06,53758.92,54572.86,51772.11,53968.18,50218.67,53358.36,52866.66,52102.13
257,36,24.0,47781.24,44906.94,48296.36,47679.64,45981.85,49542.92,44695.11,48341.19,47718.10,48658.08
258,36,24.0,49134.74,44294.29,48449.96,48058.30,46927.80,49928.78,47283.37,49337.60,47482.88,48259.21
259,37,24.0,47980.77,46737.84,48860.82,49258.66,47465.21,51155.61,46755.82,48338.93,48492.65,50667.75
260,37,24.0,46845.61,45047.47,46978.68,46924.34,45237.21,48318.93,46451.17,47020.31,47341.95,48014.51
261,37,24.0,52147.26,49254.06,53622.15,53594.04,51812.88,53843.61,53556.54,53545.14,52443.60,52039.68
262,37,24.0,53021.13,49620.46,54285.20,53943.05,54394.04,55062.87,54128.76,51746.93,53955.58,51244.66
263,37,24.0,52160.60,49697.11,54791.43,55535.05,53424.43,53995.01,53140.71,51177.75,52138.86,51761.59
264,37,24.0,52644.83,51136.07,51289.11,54667.35,51479.74,54414.76,50930.56,48683.37,49247.80,50817.04
265,37,24.0,52202.07,52565.79,51268.47,53980.78,50764.21,53741.58,48971.96,48057.93,48694.79,51044.67
266,38,24.0,51933.87,49984.67,47671.49,50661.32,46047.77,51099.86,45378.97,45372.44,44383.05,48003.88
267,38,24.0,47878.07,46613.37,44718.81,47785.24,43576.21,48067.66,42293.18,41960.91,41677.01,44996.70
268,38,24.0,54239.83,51293.40,50757.07,53847.18,51166.89,54145.56,48982.63,49272.74,48678.13,51866.56
269,38,24.0,53588.77,51356.92,51275.39,52155.49,49472.29,52685.77,49282.46,48686.78,48763.13,49073.48
270,38,24.0,53221.76,52874.40,52677.11,53707.53,50936.42,54363.15,51217.80,50868.11,49641.23,49398.93
271,38,24.0,53564.36,52911.00,52286.16,54026.63,50829.33,52237.73,51656.39,51706.88,50093.62,51832.85
272,38,24.0,54295.48,52642.03,51132.94,54410.18,49360.90,53799.34,51192.77,51409.76,50059.17,51293.36
273,39,24.0,50169.31,48341.50,45995.88,51153.47,47031.78,49410.98,45024.53,45099.02,46237.41,48668.49
274,39,24.0,47578.39,46455.86,42512.51,47801.45,44346.50,47552.68,43990.15,42059.35,43247.58,47176.03
275,39,24.0,52262.03,52234.84,49394.33,52076.72,49799.30,51194.23,49630.71,48104.75,48470.65,49816.20
276,39,24.0,52167.83,51371.82,49755.56,52916.80,49727.20,53255.18,47353.19,49069.89,49993.87,51534.49
277,39,24.0,52052.96,52243.65,48975.26,54734.39,49622.53,53578.18,48366.30,50016.88,49719.28,50396.31
278,39,24.0,52063.10,52829.78,51032.74,55528.36,49721.89,53879.52,49619.29,50179.87,50577.85,48863.28
279,39,24.0,52382.09,51918.30,48799.98,55550.31,50161.50,53689.83,49535.74,50717.36,51316.50,49674.57
280,40,24.0,51006.49,49088.59,47431.54,50467.78,47345.88,50483.69,49141.96,44251.79,47792.27,49702.91
281,40,24.0,48422.01,46192.29,44259.68,48457.81,46598.01,47791.33,46887.29,43518.82,46994.37,47991.23
282,40,24.0,55175.08,51611.16,50806.17,53996.16,52371.20,52554.71,53397.24,48765.96,50394.28,49405.07
283,40,24.0,54356.79,51523.44,51342.62,54038.26,52780.48,52910.21,53036.12,49954.81,51429.23,49770.31
284,40,24.0,56167.44,51673.94,52161.51,55948.16,52489.42,52563.34,53658.69,50543.21,51517.74,51902.81
285,40,24.0,55128.57,50753.38,52555.48,53557.20,53002.20,52978.34,50699.45,50710.26,51214.09,48526.49
286,40,24.0,54417.09,51679.58,52465.48,53698.57,53844.90,52385.49,53739.83,51321.59,50731.95,49359.84
287,41,24.0,50569.02,49995.06,48172.56,51268.68,49968.00,49664.54,48076.14,49158.87,47290.05,49068.84
288,41,24.0,48382.91,47403.72,45466.33,48715.85,48341.60,46600.41,45932.99,46211.88,44971.19,46935.39
289,41,24.0,55381.83,51486.89,50080.30,55355.49,51959.21,52068.74,50837.32,50506.98,49076.59,52136.20
290,41,24.0,55308.25,52603.25,51316.70,54850.76,51270.53,52668.09,50751.18,51392.07,48655.42,52014.46
291,41,24.0,54682.65,51869.16,51735.97,55629.18,49806.46,51654.70,51750.81,51498.91,49190.27,50817.73
292,41,24.0,55951.37,52111.61,51312.41,55009.87,51468.88,50775.29,50883.69,50972.62,48382.95,51216.91
293,41,24.0,53152.40,52084.81,52165.94,55310.23,52285.26,50567.24,51478.86,51297.54,49459.06,52136.27
294,42,24.0,48467.62,44444.54,51632.19,51539.39,48483.45,50172.76,51290.98,47073.46,52038.15,50823.57
295,42,24.0,44860.55,44023.28,48298.14,47386.50,46303.36,46132.09,47970.74,44589.25,48277.62,47593.85
296,42,24.0,52873.18,48144.65,52843.05,54158.62,51708.26,52870.50,53221.52,50661.69,53038.92,54821.77
297,42,24.0,53071.86,47557.96,52497.10,56389.76,52274.32,52679.40,52433.53,52054.54,53946.15,54387.28
298,42,24.0,52114.21,47838.93,52719.85,56332.44,50779.69,52983.48,52733.13,53375.24,54470.27,53767.48
299,42,24.0,52090.75,48223.47,53928.90,55919.35,51774.11,54235.67,53188.24,53088.09,53661.77,53110.78
300,42,24.0,52613.16,48354.70,53823.61,56760.26,51231.28,53184.98,54473.40,53876.45,51827.84,54502.71
301,43,24.0,49496.87,46213.32,52429.60,52482.43,48750.73,48888.20,47929.26,50555.56,52333.47,50743.65
302,43,24.0,46628.86,44002.55,49787.37,49855.01,47571.30,46615.59,48126.57,49470.30,49424.32,48007.14
303,43,24.0,52919.58,48869.26,53750.82,54897.29,51907.44,53994.10,50134.61,53583.54,52052.95,54235.91
304,43,24.0,52939.59,49478.77,53770.13,53741.26,51783.74,54181.37,51712.42,53803.47,53756.90,54788.61
305,43,24.0,53436.53,49229.41,53376.50,54046.07,52010.78,52412.92,51980.11,53635.67,53487.29,54966.18
306,43,24.0,52307.33,49245.70,52968.86,54692.40,52222.89,52401.64,51248.11,53929.28,52982.79,55131.72
307,43,24.0,47305.85,45897.61,48985.07,47739.13,47332.37,47976.89,49013.07,49291.39,50244.31,49266.79
308,44,24.0,48689.30,43492.73,50955.49,50128.46,48058.15,47813.64,51410.81,49701.78,53008.64,49736.38
309,44,24.0,47468.12,43507.27,50378.30,48374.88,47540.51,46708.60,49088.52,48880.38,52118.20,48843.96
310,44,24.0,53888.76,48708.71,56817.84,55199.10,52173.69,50008.04,52326.84,54240.59,55777.16,54533.77
311,44,24.0,55000.77,50058.67,56004.50,53373.41,53270.01,49050.90,53607.78,54291.94,55788.93,54656.58
312,44,24.0,52780.83,50484.10,54806.09,54455.08,53708.31,50070.79,54040.95,53849.17,56591.78,52732.01
313,44,24.0,53283.53,50578.47,55599.53,53917.43,53283.96,51402.91,53322.86,52979.41,56369.23,52211.99
314,44,24.0,51657.98,51241.57,55278.69,53994.25,52480.89,52290.67,52781.10,53571.04,55588.20,53281.13
315,45,24.0,50368.54,45837.25,53416.79,47410.66,51017.26,49086.14,52079.17,50876.97,52281.02,51950.12
316,45,24.0,47934.26,45895.19,49978.95,46498.17,48564.65,46548.55,49937.01,50123.49,52226.61,48755.12
317,45,24.0,53894.10,49104.66,53020.60,50891.50,52342.21,51338.62,55051.07,53976.44,52389.77,51873.59
318,45,24.0,54343.97,49717.87,54399.26,51080.91,53252.07,51927.48,56166.81,54108.99,53948.79,53248.42
319,45,24.0,52523.76,50132.56,52507.20,52491.80,52507.14,51567.52,56656.10,54700.02,53256.74,53472.71
320,45,24.0,53200.73,50730.61,53326.09,50911.51,52023.41,51194.91,56625.15,53313.23,53787.81,53492.45
321,45,24.0,53006.11,49503.33,53687.40,50941.98,53607.55,50972.78,56133.56,53442.04,52726.50,52686.24
322,46,24.0,50341.72,47333.43,49685.68,48687.42,50220.27,50081.59,51932.37,50244.53,52251.75,50253.81
323,46,24.0,46750.78,44826.70,47095.32,46014.28,47560.42,46292.53,48400.69,47794.07,49003.21,47118.84
324,46,24.0,51386.14,48285.71,52047.51,51371.48,51797.22,50753.07,52753.16,50509.83,53304.04,50035.06
325,46,24.0,50108.69,47639.90,51559.13,52406.21,52392.26,52959.30,51925.73,49180.40,52664.50,50373.09
326,46,24.0,50265.14,48089.29,52234.61,52179.77,52057.49,51416.76,53487.04,51625.42,52742.04,48705.93
327,46,24.0,50691.91,48310.36,51520.13,52421.71,50876.14,51320.08,52559.14,50853.27,52229.94,50341.26
328,46,24.0,49879.53,47815.70,51580.01,51744.77,50136.90,50691.72,52755.21,48577.50,52739.75,50474.78
329,47,24.0,46451.75,44304.27,47831.80,48423.17,47288.15,49650.72,49563.64,47492.23,49380.97,47586.91
330,47,24.0,44553.21,43411.00,45561.98,46598.32,44781.89,46496.44,46652.23,45461.21,46373.16,45833.07
331,47,24.0,49036.38,46510.05,49047.20,51098.62,49125.15,50858.82,50651.64,50351.44,49153.20,49191.99
332,47,24.0,48237.43,48028.51,50814.97,52303.65,49466.31,50460.35,51396.00,48242.02,50873.22,49987.19
333,47,24.0,49287.70,47542.14,50156.96,50697.30,49925.16,51279.99,51207.56,49824.93,49924.11,49922.52
334,47,24.0,48469.27,47586.59,51032.28,49334.90,50099.60,50492.80,51378.64,49552.44,49935.78,50545.81
335,47,24.0,48866.01,47886.94,51560.38,49784.72,50140.93,51846.77,52015.48,52056.91,50599.79,50310.66
336,48,24.0,43315.83,43575.42,47605.50,45910.68,48149.42,48793.83,49643.78,47527.81,47684.50,49083.02
337,48,24.0,42034.66,41720.78,45044.63,44040.06,44894.00,45947.72,46577.47,45734.53,45346.95,46263.30
338,48,24.0,44828.74,43675.68,49352.60,47369.77,49327.85,48285.88,51089.33,48850.70,47412.16,49932.94
339,48,24.0,45141.02,43433.14,47739.24,44617.65,47461.28,47613.95,48842.97,47290.38,45948.27,48741.73
340,48,24.0,47103.92,46859.59,51117.57,49473.73,51022.01,51532.12,53026.47,50565.76,50020.51,52617.01
341,48,24.0,47364.99,47837.34,52420.54,51233.32,52083.20,52151.09,53426.44,50511.02,51508.56,53811.77
342,48,24.0,47441.43,48227.86,53391.87,51530.19,52486.28,50156.59,53780.66,49002.38,51600.50,53738.50
343,49,24.0,47843.22,43988.36,49223.51,47230.51,49500.33,49981.82,50305.04,48775.20,48399.09,50981.19
344,49,24.0,45087.95,42757.41,45767.83,43963.56,46818.28,47669.50,47613.19,45491.75,43796.99,47896.04
345,49,24.0,50274.19,48871.39,52711.40,44327.59,52911.01,53954.03,52167.70,51338.31,46384.87,52691.56
346,49,24.0,51270.70,50077.17,52417.20,45479.44,55178.45,54342.36,54435.10,54132.47,46456.09,52380.74
347,49,24.0,52337.58,50680.59,52523.41,47823.49,55085.71,53038.65,54857.06,54986.88,49355.69,52259.83
348,49,24.0,52176.79,51139.27,53244.07,48031.39,55639.77,54722.57,55096.00,54798.61,50167.20,52808.96
349,49,24.0,51538.02,51195.63,53759.51,48145.84,54767.18,53647.84,56057.37,54407.86,50129.91,54777.69
350,50,24.0,48260.17,46562.61,49846.35,43121.74,50901.88,51825.94,52681.37,49015.48,46282.32,51801.73
351,50,24.0,46583.73,43287.94,46714.63,42067.45,47926.46,48967.17,49342.95,47699.37,44912.64,48671.20
352,50,24.0,51717.83,50463.63,52987.13,50140.11,55177.88,53904.99,54456.70,54082.27,52791.96,54236.55
353,50,24.0,53519.77,52780.27,54358.22,51600.33,55593.88,53564.41,54622.48,54550.29,54587.25,56265.38
354,50,24.0,53030.35,53646.13,54243.64,52632.30,55319.62,53801.93,56698.99,54329.44,54902.16,56050.59
355,50,24.0,53641.81,53858.38,54737.15,52988.43,54350.38,52953.09,55654.10,53230.72,54557.14,55030.53
356,50,24.0,57273.64,54668.69,56261.77,54073.29,56830.88,55918.24,57919.52,57342.25,57734.25,57378.00
357,51,24.0,53448.19,51681.92,53870.26,48502.25,53789.54,52053.87,55618.01,54260.36,54629.99,53238.57
358,51,24.0,50720.88,50536.42,51693.09,47478.95,52198.01,50131.69,52796.41,52621.06,53375.59,51062.46
359,51,24.0,55745.84,55243.34,56444.72,51771.87,58391.05,56692.81,55795.94,57831.07,57537.13,56659.54
360,51,24.0,55468.93,56001.57,58396.81,53804.26,59245.74,56967.02,57145.03,58963.29,58000.70,56221.99
361,51,24.0,56653.15,56698.99,56572.83,53021.33,59035.59,56261.78,57373.31,58077.56,57744.25,55485.65
362,51,24.0,56539.71,55450.42,57094.40,53695.21,58535.37,57931.85,57566.94,56254.55,57621.16,55208.50
363,51,24.0,56212.06,55654.49,57805.82,54744.54,59073.51,57265.02,55372.54,57869.20,57811.92,56048.98
364,52,24.0,55091.94,52305.56,54558.33,50044.53,54976.80,53212.62,52298.68,55196.61,54168.04,52921.51
365,52,24.0,51555.01,50765.02,51502.29,48864.09,51997.24,50438.52,50662.80,52005.88,52391.64,50231.98
366,52,24.0,56366.56,56481.57,57580.66,52722.39,54999.23,56371.67,57032.05,55152.54,56349.06,56485.98
367,52,24.0,57986.03,56209.89,58091.49,52852.67,54736.82,57664.48,57340.48,56202.36,57513.60,57363.83
368,52,24.0,57900.20,56202.24,59580.96,53936.48,55157.40,59239.65,53319.64,57290.97,57253.98,55762.28
369,52,24.0,57063.26,57838.84,59452.82,54522.55,54497.39,58649.23,53223.53,56682.74,57980.30,57167.81
370,52,24.0,57130.93,57351.49,59114.40,53510.74,54582.85,56842.50,55343.96,57901.35,57493.41,57883.94
371,53,24.0,53466.28,52971.23,53731.81,49839.28,51479.99,49875.84,51341.20,54148.72,54359.06,53693.57
372,53,24.0,51386.80,50779.05,51683.11,48762.37,48846.77,49659.54,48822.98,51591.02,50983.09,51314.14
373,53,24.0,56081.73,56449.84,56622.01,54210.39,54254.38,56752.62,53092.61,56931.21,54737.19,54850.10
374,53,24.0,56154.31,55832.77,55785.93,53054.65,56748.38,56331.15,51887.60,55700.23,55745.59,57632.01
375,53,24.0,55245.64,55305.76,58463.99,52801.40,56545.31,58430.62,53081.49,55751.74,55811.21,56849.66
376,53,24.0,56921.94,55514.73,58019.50,51769.87,57701.43,58528.24,53599.51,56077.70,56166.50,55654.20
377,53,24.0,57746.59,54313.01,58186.26,53581.24,56242.16,54994.20,54355.48,55155.05,56006.91,54599.51
378,54,24.0,54938.45,52662.64,53093.42,50899.06,53125.59,54244.89,51106.22,53258.05,54037.08,49796.16
379,54,24.0,51952.36,50395.81,51257.50,49201.48,51336.47,51408.53,49589.56,51239.65,51723.78,47851.14
380,54,24.0,58716.05,53801.46,58006.87,53083.93,57388.86,55620.32,52862.14,56825.68,55232.48,53386.38
381,54,24.0,59785.05,53927.01,58290.98,54031.88,56563.97,56533.06,54921.41,53846.30,56363.62,51625.25
382,54,24.0,59177.48,54212.45,58937.42,54951.76,56258.82,54932.92,56120.71,56585.54,55935.99,50710.12
383,54,24.0,57770.72,52870.87,58105.68,53706.61,57658.38,54416.99,54649.87,54993.03,56325.90,52829.32
384,54,24.0,60429.17,52244.00,56678.68,55440.86,59488.63,57237.87,55270.29,54582.47,56692.49,53322.47
385,55,24.0,55223.94,49102.10,53947.28,53784.79,54233.35,54469.22,53829.99,50262.84,53825.60,50298.25
386,55,24.0,53936.75,46101.02,43416.73,53316.65,52773.17,48813.75,52085.67,46985.08,48592.75,46875.84
387,55,24.0,59316.72,50422.46,53413.04,57935.77,58554.65,53514.35,57458.97,50953.22,55183.17,51385.14
388,55,24.0,59972.46,51125.06,54827.67,57055.54,59616.86,53755.54,58691.37,51553.13,55346.18,52133.10
389,55,24.0,59534.23,51134.64,54893.44,58741.92,59066.89,52464.78,56173.98,51539.23,54352.63,52439.95
390,55,24.0,60110.13,52200.41,55216.64,57527.60,60725.04,52389.98,56215.88,51522.89,53474.64,52210.77
391,55,24.0,60436.12,51391.61,54781.61,56653.95,60411.08,52658.75,56586.39,50744.28,54477.01,50625.64
392,56,24.0,56602.66,47443.83,49445.69,54486.22,55364.97,47265.69,52378.88,45263.94,50186.94,43724.33
393,56,24.0,54192.14,46705.55,48004.04,52925.67,52916.94,47554.90,50081.14,40451.09,48497.67,40758.57
394,56,24.0,60552.93,52649.06,55692.98,57428.74,59298.62,53609.94,53951.78,49217.06,57514.89,48787.20
395,56,24.0,61236.26,53273.44,58513.78,59242.65,60367.14,54898.33,54458.32,51409.62,59084.12,50867.37
396,56,24.0,63269.34,51976.02,58366.98,57882.95,61092.13,56021.14,57292.46,51141.19,57738.59,51564.04
397,56,24.0,62495.79,51974.73,58280.82,59717.24,61905.30,57303.36,58525.54,50297.29,58443.08,51004.16
398,56,24.0,63361.11,51971.14,59311.40,57373.64,60624.09,57134.76,58667.79,50139.23,58896.14,51602.85
399,57,24.0,57836.80,44397.60,53091.42,53354.20,56122.65,50977.12,54065.86,44708.21,53378.05,46115.46
400,57,24.0,55781.38,43381.26,51845.85,53041.77,53374.00,50227.48,51611.01,44568.11,51519.21,45761.08
401,57,24.0,61577.52,51687.87,56094.52,54586.44,59889.30,57698.65,56861.24,52362.86,59127.95,53448.17
402,57,24.0,63469.42,52474.38,57987.14,57991.78,60685.30,58427.28,59331.01,53906.16,60440.94,56007.56
403,57,24.0,63275.10,53078.85,59932.05,58680.23,61576.13,60062.55,60715.44,53819.10,60939.01,55324.07
404,57,24.0,63869.19,53670.95,59372.64,56945.46,62371.15,58257.00,57988.30,55457.00,60015.07,54250.87
405,57,24.0,65106.93,53620.87,60404.88,57648.96,62063.88,59523.81,58926.65,53408.74,62187.38,58365.15
406,58,24.0,58858.83,48821.60,57787.20,56428.34,58561.04,58178.62,56603.43,49620.17,57675.56,55351.61
407,58,24.0,55214.95,48272.65,55617.95,55759.53,56559.90,59012.12,56343.07,49300.00,55261.91,54182.66
408,58,24.0,62035.17,54734.85,61534.22,57858.30,61706.24,64014.04,61204.36,54105.73,61351.40,58764.15
409,58,24.0,62914.19,58518.31,61640.65,58636.22,63177.05,63829.34,61373.93,52622.93,63428.07,61114.77
410,58,24.0,63225.11,55255.78,60762.75,59890.66,62422.92,66352.74,58167.09,56462.95,63738.31,60718.73
411,58,24.0,63722.88,56833.72,60061.49,59548.46,62948.55,65227.88,61141.46,53129.27,65342.02,57248.28
412,58,24.0,63418.56,58744.33,61599.48,60196.29,63468.71,62550.36,60340.68,57448.49,66096.34,59297.05
413,59,24.0,59363.42,54373.75,57824.81,57248.99,60088.06,58900.27,56615.08,55816.74,62311.61,56754.88
414,59,24.0,56030.45,53323.72,54220.95,54161.76,60364.10,55334.76,48732.42,53500.67,57036.39,53447.51
415,59,24.0,62712.93,59207.19,60242.83,59451.95,61757.36,62099.90,56168.47,60100.75,62424.71,59410.17
416,59,24.0,64317.43,57934.35,61519.23,61475.74,62558.82,62907.50,58411.57,59319.73,64537.39,60792.51
417,59,24.0,56862.54,55466.80,56651.88,56991.69,58436.59,57885.94,60343.91,59201.30,62696.76,56447.67
418,59,24.0,66510.85,63071.59,63932.94,57414.23,64236.09,66176.37,62177.15,63436.90,66117.16,63443.60
419,59,24.0,65201.35,65517.97,65349.80,59864.24,63234.34,67233.73,63067.33,64981.30,68890.01,64522.04
420,60,24.0,61719.31,63367.04,61558.22,58088.89,57648.47,61419.37,61624.65,61745.12,66262.04,62193.21
421,60,24.0,60324.15,61750.56,59234.45,54561.85,54026.24,58148.05,58519.66,59465.88,63952.26,58669.20
422,60,24.0,68223.57,65866.78,67116.43,60999.23,59508.06,65767.56,62210.68,65224.66,68956.66,63025.10
423,60,24.0,68416.38,64881.28,64612.29,62341.73,60580.00,67309.73,62436.43,65651.99,68848.51,64417.81
424,60,24.0,68972.55,64916.69,64509.26,64713.19,60194.87,68452.48,63449.47,65780.12,68340.08,66668.53
425,60,24.0,66600.01,65135.20,64253.52,64478.71,59997.89,68973.95,61875.16,65470.64,69001.98,67755.11
426,60,24.0,67590.90,65762.08,64267.64,66571.99,60443.30,69918.22,61921.16,65204.84,69213.90,67587.60
427,61,24.0,58092.80,58915.95,60679.57,56570.53,51755.28,66069.71,58121.30,59676.24,64224.10,61893.42
428,61,24.0,58107.08,58230.78,62710.01,55612.40,51851.26,63867.92,58794.82,59862.58,63282.02,62591.83
429,61,24.0,65470.46,62144.77,69354.88,64593.17,60665.94,66386.73,63933.14,64239.80,68976.01,68153.74
430,61,24.0,64598.31,59684.93,69696.30,67849.03,63256.79,64346.29,61652.99,65481.06,68744.62,65637.98
431,61,24.0,65717.26,61792.25,69807.70,69412.42,64133.88,66581.95,60944.18,70430.68,66888.98,67643.96
432,61,24.0,66912.67,63954.49,68093.56,70085.55,63668.73,65636.51,61098.07,69959.31,66555.41,65580.14
433,61,24.0,65832.57,64193.83,72098.80,69017.33,63302.51,68070.39,60192.79,69002.35,67516.74,69417.87
434,62,24.0,61106.20,58450.35,69543.41,66568.25,59180.33,62590.75,59231.10,64528.17,68050.92,65184.88
435,62,24.0,60306.66,55646.50,66893.68,68394.22,57320.53,58736.00,58401.59,62442.21,67453.63,64188.09
436,62,24.0,67287.12,64384.64,73351.04,70162.45,63654.60,65928.31,62845.74,66919.16,71950.00,68711.17
437,62,24.0,68578.92,65743.09,73439.00,74296.27,64652.36,65828.72,61628.90,68372.63,71866.69,68483.46
438,62,24.0,66777.04,64180.22,74674.20,74354.48,63383.92,66912.97,65113.64,66183.05,71816.18,70623.60
439,62,24.0,67157.62,65494.81,75986.94,73154.13,60746.42,66953.87,62315.93,64479.85,71571.72,71413.39
440,62,24.0,68029.66,66295.37,77065.87,70189.27,61968.09,67666.34,64088.49,65566.71,70877.31,67653.27
441,63,24.0,64102.80,67242.54,72545.99,66906.90,59072.04,63582.63,69239.25,60809.90,63760.57,60123.18
442,63,24.0,62023.87,66693.67,71481.32,62816.08,55963.72,61461.44,66131.06,60054.18,62600.27,59346.49
443,63,24.0,67641.28,69775.78,76179.48,68699.79,62344.31,68304.78,68613.51,65967.81,70749.14,67295.37
444,63,24.0,68362.61,69581.91,71570.43,68444.56,63741.99,70477.76,72146.10,65833.96,70598.77,69035.05
445,63,24.0,66981.49,68509.32,74377.11,69530.62,60837.86,70560.60,70437.07,69876.44,70812.65,69416.76
446,63,24.0,66950.49,68780.15,75370.90,69649.96,62406.57,69575.03,69858.41,70356.49,71243.78,70410.00
447,63,24.0,68770.12,70809.16,68801.81,66075.75,61064.99,71571.84,70460.22,71183.64,63695.18,68859.61
448,64,24.0,64106.18,65938.46,62191.59,64928.99,60422.40,73374.25,65825.42,66640.76,56187.79,63206.23
449,64,24.0,58409.03,65169.62,58002.31,64252.81,58693.10,70473.05,63528.13,62207.09,54672.18,60513.50
450,64,24.0,66799.43,71414.82,65427.39,73822.71,65539.23,74627.26,71071.35,69865.97,64072.37,65695.71
451,64,24.0,69863.43,72333.39,65293.17,77303.99,61387.11,73778.50,73874.40,72218.98,65632.59,64813.72
452,64,24.0,70801.95,69630.23,64919.37,78972.16,64108.50,72488.75,74764.75,73244.23,67012.07,64725.92
453,64,24.0,71350.88,71723.62,67065.62,78031.63,62079.07,71890.27,77684.96,75013.24,66195.77,64584.44
454,64,24.0,70791.96,70204.33,67982.58,77081.01,64203.84,71525.68,76299.63,75828.65,65468.16,66770.72
455,65,24.0,65437.93,65198.34,61999.63,74527.13,66911.05,68268.99,71518.78,71137.76,59020.78,59327.54
456,65,24.0,61977.91,64141.42,57500.85,70142.56,61507.19,64970.65,68977.81,68931.25,56392.26,57621.83
457,65,24.0,65379.17,67671.78,64499.67,73204.52,65288.51,70172.72,75778.98,72918.96,65148.71,66610.58
458,65,24.0,65394.60,67262.02,67777.00,74921.06,68474.80,73559.17,74283.02,72123.48,66096.77,66185.61
459,65,24.0,66182.03,70581.31,66661.29,72333.69,69705.09,73947.41,73795.15,72265.93,66433.56,66337.08
460,65,24.0,65553.54,70851.41,66564.38,72286.42,70870.73,72958.59,73576.55,73930.41,66669.54,71302.09
461,65,24.0,65180.21,70790.97,68198.06,71622.68,69345.06,72634.85,74417.09,74286.89,67580.03,72079.57
462,66,24.0,63330.88,63847.07,60560.32,68968.88,66599.66,66750.68,73656.18,75147.87,63986.29,67360.83
463,66,24.0,61008.11,61773.35,58986.01,62370.05,64801.84,63838.78,68151.41,72501.00,63422.93,66364.78
464,66,24.0,67026.47,70361.47,67739.28,70423.23,72822.46,71892.18,74666.53,77196.55,71712.34,71230.40
465,66,24.0,69738.96,72463.35,68135.08,71880.31,73916.56,73301.88,72950.90,78368.20,71880.87,73311.17
466,66,24.0,69035.93,72196.24,70170.77,71907.10,74079.78,71915.99,72486.06,79252.63,73673.15,71621.63
467,66,24.0,71094.62,73555.78,68097.22,71707.51,73462.04,72672.48,71775.44,74716.29,74906.56,68004.87
468,66,24.0,69330.62,70314.15,71480.48,71086.11,75486.63,72027.57,74461.47,78702.10,75477.38,67270.27
469,67,24.0,69298.90,70108.03,64575.27,67669.49,70164.31,70120.49,72274.88,78366.69,68584.51,64996.84
470,67,24.0,66425.20,68074.28,60134.92,64412.89,64756.16,66369.66,70418.32,73643.82,61440.58,60238.08
471,67,24.0,69821.32,68335.37,55761.56,65868.86,62844.48,67125.19,71550.07,71528.97,58793.65,60270.11
472,67,24.0,72804.23,72151.30,62247.03,67726.02,67206.49,73569.64,77176.81,74254.95,65327.23,65979.48
473,67,24.0,74469.26,72808.75,63969.09,67301.97,68213.13,75799.96,79493.48,75912.18,67362.36,66989.55
474,67,24.0,73006.60,70471.50,66127.88,66865.18,68096.83,76697.51,79763.63,77834.33,67780.86,67021.78
475,67,24.0,72233.16,69932.54,67748.71,67468.38,65919.16,74107.40,76810.46,77768.19,66982.63,68108.61
476,68,24.0,68021.48,64207.39,62258.01,64156.03,59275.79,78412.84,71458.30,72683.25,63301.91,59603.41
477,68,24.0,67328.47,62054.72,59934.59,63869.09,57602.65,76701.07,68119.32,70851.26,61858.15,58933.31
478,68,24.0,63470.35,56107.61,58079.21,59730.13,61677.33,77225.02,65443.26,73148.69,58340.08,57928.70
479,68,24.0,70095.44,65384.49,63393.01,64545.44,70891.53,76436.89,70324.16,73558.71,72093.87,61634.22
480,68,24.0,73513.27,71334.57,65787.58,65963.40,73775.29,84615.98,74535.09,73047.88,77885.44,66314.63
481,68,24.0,74190.26,73020.63,67395.78,67829.08,70710.12,84285.89,75545.39,75001.10,79069.66,67254.58
482,68,24.0,74260.89,74344.41,70648.05,70150.15,71470.12,84725.69,72679.71,74626.37,80135.48,68315.97
483,69,24.0,66092.87,68595.60,63597.91,66088.85,74168.08,80468.33,68037.18,67667.66,75702.73,65641.19
484,69,24.0,62487.01,65337.88,63133.20,62724.25,73137.30,78195.02,66856.05,66306.60,72835.30,63729.52
485,69,24.0,72164.79,67540.41,70977.77,71866.13,76083.55,80213.42,74809.65,73708.34,77511.29,70582.33
486,69,24.0,70168.56,67436.12,74903.94,75034.67,75996.98,80364.95,76959.45,74287.51,77893.70,74118.04
487,69,24.0,71329.28,67055.42,70637.54,75186.61,76281.54,81299.04,77478.50,74612.27,77665.47,72597.82
488,69,24.0,70716.51,66681.28,69477.35,73443.14,78123.18,81455.22,77764.44,72948.32,78607.87,72261.27
489,69,24.0,71079.73,65339.74,71337.31,74222.08,79405.01,80884.25,78434.15,74990.31,78439.69,71862.25
490,70,24.0,66675.73,64642.97,67342.39,70289.69,72625.40,79385.93,79044.34,68302.19,77929.02,70388.46
491,70,24.0,63569.87,65304.22,65405.85,68482.06,70715.69,74533.60,78440.39,66705.43,74514.75,68940.76
492,70,24.0,68987.83,72772.51,68274.92,76302.84,69616.58,79275.12,81769.61,73172.85,79565.97,73965.57
493,70,24.0,72092.14,72182.74,68791.77,74724.19,69214.04,78936.18,79700.48,73380.58,80860.86,73187.84
494,70,24.0,73395.76,72820.65,73206.47,76603.94,68603.75,79428.72,79519.15,73726.42,80968.85,70002.48
495,70,24.0,73663.93,74101.06,71175.99,76979.89,68117.57,79807.43,79261.00,73264.63,80852.65,70476.68
496,70,24.0,72572.55,73829.10,70310.52,77471.15,71424.42,80507.10,77738.48,73951.86,80833.62,68810.32
497,71,24.0,63396.04,68010.16,62051.81,71564.69,65262.37,73113.67,73609.76,70602.88,76563.15,63137.15
498,71,24.0,58841.37,67367.17,65465.93,67747.50,61076.34,71275.69,71914.38,69573.87,72423.24,60095.59
499,71,24.0,65857.75,73881.40,72693.94,74527.12,71253.92,76693.57,75791.29,73596.18,76982.03,68630.97
500,71,24.0,68956.58,74083.10,71975.76,75477.90,72575.65,73730.36,74288.32,74781.45,77383.67,67531.28
501,71,24.0,69346.93,73975.38,73195.19,76713.02,73759.97,75365.79,74695.73,75838.29,76487.49,68438.99
502,71,24.0,71513.03,73543.03,74820.76,76234.24,73645.11,75361.68,75635.15,75227.49,78001.46,70071.51
503,71,24.0,71524.87,73174.61,75847.55,76530.85,74386.41,75280.11,74610.01,72879.77,80685.67,69004.00
504,72,24.0,65267.28,67187.36,72059.26,68523.10,70764.47,68061.22,66418.56,70549.94,71366.96,66218.11
505,72,24.0,64789.50,65185.40,69517.55,65331.77,69972.41,65141.12,64137.64,68030.39,66122.32,66128.28
506,72,24.0,72778.00,70320.72,74723.28,71915.92,76643.38,74321.71,69631.33,73094.96,75123.32,73024.74
507,72,24.0,72896.01,68294.28,75224.37,71330.46,78531.09,75037.71,71671.45,71586.31,76326.84,72971.51
508,72,24.0,70961.27,68245.10,77076.42,73138.26,78572.50,74880.78,73557.16,74420.81,76637.72,74709.07
509,72,24.0,71265.58,70247.91,76196.49,74952.19,79931.25,72576.93,70155.12,73480.70,78519.94,74657.01
510,72,24.0,71337.90,67967.89,77697.61,73326.95,80700.12,74274.28,69775.19,72176.87,80101.51,70851.51
511,73,24.0,68005.33,61125.31,71902.31,71968.46,77654.01,71611.80,62867.06,66974.97,74445.09,67869.06
512,73,24.0,66560.75,59723.78,69624.91,69066.36,76504.27,68482.84,61054.36,66048.22,73637.10,67149.75
513,73,24.0,70532.28,65202.44,72893.13,75337.40,82531.98,72640.55,66390.65,74442.84,78719.36,72072.62
514,73,24.0,73103.97,63274.15,70017.86,75438.23,81582.63,73417.14,67348.62,72020.82,78806.13,70554.00
515,73,24.0,72556.94,65944.80,68419.79,73505.51,83070.52,72539.50,66863.47,75174.86,78993.85,71165.98
516,73,24.0,72483.52,66826.26,71764.65,72527.06,83735.39,71065.65,68102.76,76156.45,79415.22,71599.17
517,73,24.0,74362.98,64874.75,71054.95,73403.55,82345.19,70012.95,68409.63,75559.32,79890.02,76137.54
518,74,24.0,68100.54,61855.14,70964.36,68905.67,79664.82,67306.41,65326.18,70047.23,76300.76,69292.76
519,74,24.0,65527.33,58273.87,67351.32,67118.27,78537.59,64503.79,63788.07,66960.66,76736.18,64935.69
520,74,24.0,70712.53,62985.10,73169.81,74451.79,83261.97,71815.66,69965.49,73606.98,84321.72,72427.71
521,74,24.0,70657.01,63426.87,73007.39,76019.90,83090.35,71473.78,69189.36,74834.00,87809.49,66984.86
522,74,24.0,70911.59,63802.50,73133.98,78231.87,82511.93,72554.67,70835.99,75449.56,87199.51,70109.01
523,74,24.0,68557.72,63499.68,71424.63,77046.16,83578.22,72054.35,68633.58,75609.29,86922.53,71695.70
524,74,24.0,68771.02,66410.72,73009.27,77325.80,82301.44,72039.21,68858.60,75502.16,82508.46,70806.54
525,75,24.0,64344.17,63033.24,64688.00,71465.25,77116.54,65587.57,60046.19,68335.23,76614.75,61607.86
526,75,24.0,61391.80,61614.35,61275.30,66550.30,74037.57,59270.18,55195.63,63565.38,76121.85,59030.93
527,75,24.0,65684.88,68810.79,67923.55,71526.37,77564.96,65685.66,63733.33,71803.54,78064.86,64264.76
528,75,24.0,68591.81,68251.62,69601.36,70763.48,78426.21,66620.16,65943.89,73347.52,78394.05,62571.42
529,75,24.0,70798.21,68351.12,69510.86,71659.70,78353.50,66477.93,65120.62,73358.24,77543.50,63659.79
530,75,24.0,67821.65,66702.45,68228.87,70955.53,77871.29,65153.43,64282.45,75064.60,77465.67,69281.11
531,75,24.0,71039.96,65963.94,66971.55,68384.33,76917.15,66286.07,66154.80,75564.25,76992.95,64136.07
532,76,24.0,68688.96,57302.99,64502.98,60711.66,69740.34,62121.21,59422.07,69868.56,71129.87,57204.79
533,76,24.0,65519.70,55105.86,60444.11,58326.89,67538.79,60075.99,56264.01,66161.48,68824.13,54067.79
534,76,24.0,66318.99,59920.44,66350.73,65434.24,75390.45,68467.91,60737.68,71307.71,75794.79,59249.85
535,76,24.0,66335.97,60642.97,65942.05,64795.00,76509.71,68368.84,59172.70,69338.36,76635.02,62126.20
536,76,24.0,65604.70,63101.79,63403.65,65281.17,75665.25,69460.20,59625.73,67586.36,78115.21,62451.11
537,76,24.0,65217.30,63548.15,68360.44,62829.66,75480.58,68272.28,60817.20,66909.13,77742.03,63937.37
538,76,24.0,66443.37,65117.11,67830.29,64490.65,74136.65,70302.38,65720.97,65958.73,78322.01,65379.93
539,77,24.0,62312.25,60753.45,63044.26,61625.46,67672.57,65045.39,64672.29,63068.64,69280.96,62729.19
540,77,24.0,62081.09,58434.52,62932.17,58979.87,67094.07,64718.22,61221.71,62044.79,68858.69,59093.65
541,77,24.0,63475.82,62576.95,64821.49,63077.14,70473.10,67271.48,66846.43,65632.41,71032.63,66766.30
542,77,24.0,65338.50,60073.87,64042.23,61181.83,70414.30,67423.85,62922.36,64159.33,70790.81,67785.59
543,77,24.0,66462.21,61448.94,64980.26,60721.45,70916.69,67071.91,62583.66,64829.06,70427.19,67189.68
544,77,24.0,66682.18,63844.43,64944.27,63406.89,68583.41,66166.97,64705.32,65878.45,69293.30,66481.15
545,77,24.0,66176.19,64405.06,63614.39,67101.96,69491.20,65933.05,64174.31,67045.07,68701.26,65184.58
546,78,24.0,61655.63,60577.15,61538.74,62240.10,62164.41,64890.77,62522.08,60112.32,63894.27,63687.35
547,78,24.0,60356.90,59520.75,58777.09,61424.77,60519.27,64190.16,62133.70,58242.10,62151.54,60923.97
548,78,24.0,62823.47,58722.91,61593.16,62202.52,64452.58,67938.23,61883.71,63193.21,67903.42,64971.77
549,78,24.0,63409.23,60151.53,61635.16,62102.14,65168.59,67167.49,62611.17,62858.88,68790.07,64029.84
550,78,24.0,62468.08,58541.69,62303.18,61251.50,63526.24,67669.39,63798.66,65645.55,69468.87,65003.55
551,78,24.0,61707.38,56806.60,62931.93,59740.67,64275.72,69701.36,62340.08,62707.64,68789.16,64622.00
552,78,24.0,62550.72,55551.78,61874.49,65380.64,64487.03,69329.72,63200.01,62700.20,69135.25,68954.38
553,79,24.0,59921.13,51074.74,63834.82,60347.82,60014.62,63968.44,62317.02,59833.02,64220.87,65381.17
554,79,24.0,56763.32,46340.91,63415.40,57582.02,57800.90,63264.04,62218.78,56627.63,60615.06,64214.82
555,79,24.0,61341.32,52581.32,64956.57,62004.95,61516.14,66965.36,68762.82,64185.53,66263.49,66648.31
556,79,24.0,62573.14,52734.24,66969.63,61825.77,62597.34,67770.32,67117.21,65713.76,66163.41,64412.30
557,79,24.0,63498.24,53798.13,67124.83,61895.54,62295.47,67581.81,65899.47,66589.78,64746.54,66271.01
558,79,24.0,61737.82,53008.90,65242.69,63188.19,61290.68,67110.92,65476.25,67279.30,63825.86,66923.02
559,79,24.0,61962.64,53016.18,66001.57,62674.04,60420.77,64596.89,69215.43,67668.58,65143.29,64544.48
560,80,24.0,63168.05,48053.25,63929.91,59179.70,54483.93,63891.03,61713.10,64880.11,59690.29,63048.31
561,80,24.0,62706.67,45252.47,62048.67,56594.86,52320.80,61984.54,58776.71,64237.77,58354.80,64585.78
562,80,24.0,65231.63,50516.89,62077.86,58481.34,59762.69,63051.29,60997.96,65866.01,61553.94,67303.31
563,80,24.0,63598.75,51958.77,61715.44,58201.77,60604.26,64437.02,61836.44,64993.52,61860.73,68703.20
564,80,24.0,65204.57,51957.46,61682.84,57638.01,56321.40,66874.61,63484.99,66598.11,61924.85,68637.22
565,80,24.0,61996.90,52513.50,65486.46,57466.06,57434.87,67084.54,64563.25,65963.55,61438.75,66472.13
566,80,24.0,63635.94,53119.86,63208.19,59973.01,56032.10,66560.30,62835.45,66100.56,62202.37,66425.09
567,81,24.0,60059.73,46902.84,64021.78,57370.58,54852.07,61570.46,59060.36,61078.71,59127.22,65442.27
568,81,24.0,56569.48,49559.49,60504.23,52455.20,54471.96,58150.83,54948.30,58327.77,53838.47,58711.91
569,81,24.0,59058.07,57001.44,61396.94,57024.86,58970.43,63259.48,58697.77,58830.08,60467.66,62421.27
570,81,24.0,57881.94,58197.30,61978.33,55758.79,58808.68,61455.13,54890.33,59196.19,62189.10,63803.74
571,81,24.0,56601.54,58333.94,60854.79,56990.67,61214.15,62953.94,56366.77,58798.25,62924.18,63193.83
572,81,24.0,57809.33,58410.84,60408.97,56258.57,62381.45,60354.32,56136.64,58255.81,63366.37,60990.21
573,81,24.0,60155.79,59744.18,59256.66,57850.72,61841.73,63718.61,59279.71,58834.30,63775.42,62389.66
574,82,24.0,56586.08,59416.74,59601.12,56131.61,56030.39,56408.14,53593.13,55075.96,60425.73,59251.26
575,82,24.0,51981.31,56376.90,55015.13,52878.06,51629.95,54589.31,51810.08,51564.81,58060.40,55571.23
576,82,24.0,52584.84,53939.98,56021.06,51614.82,50718.76,54304.95,53028.98,51904.47,56630.47,58053.52
577,82,24.0,54786.95,56389.44,58732.13,55735.72,53642.90,59120.37,56842.75,55033.75,60988.48,62061.40
578,82,24.0,56451.01,57159.03,60327.26,55878.32,53908.12,60075.72,57294.69,58457.67,62683.79,61979.68
579,82,24.0,55226.96,56630.75,58489.55,56408.65,56504.27,58995.82,55526.59,60171.98,62694.28,58593.06
580,82,24.0,56746.23,55313.19,60196.07,53821.85,54043.15,58964.36,55538.79,58837.30,63028.01,61088.42
581,83,24.0,55211.19,54690.45,55917.75,53698.09,54934.25,58259.36,54794.14,54781.23,60451.09,55363.06
582,83,24.0,52443.10,52247.52,53794.33,49356.88,51259.23,56071.27,52153.39,51980.55,57687.53,52336.68
583,83,24.0,56153.07,55430.56,56986.66,54604.24,56841.45,59014.83,56165.39,58771.63,61412.51,57615.49
584,83,24.0,56142.74,54383.77,58045.64,56146.72,55675.07,59518.32,57546.71,59105.36,61831.65,56852.25
585,83,24.0,56263.40,55536.14,59336.26,57241.83,57460.80,60511.59,57809.17,59066.59,61914.37,58866.95
586,83,24.0,56705.78,56303.38,57063.92,56254.96,55929.84,60244.46,58240.65,58987.21,61267.82,59263.69
587,83,24.0,56251.75,56881.87,56337.82,56731.12,55066.96,61041.84,57809.91,61409.80,60993.51,58839.49
588,84,24.0,54413.20,56321.34,54019.41,52324.28,51107.88,57688.70,56220.87,58680.48,58035.06,53201.26
589,84,24.0,51738.08,52572.15,50889.83,50006.10,48446.21,56248.16,52167.99,55345.39,56554.76,50077.47
590,84,24.0,56336.39,56977.87,55547.13,55417.37,54953.04,59370.36,59105.47,60326.84,63029.94,57620.60
591,84,24.0,55396.26,56536.46,57013.50,55870.08,54200.09,60090.10,60184.98,62658.60,64439.45,57309.31
592,84,24.0,58514.26,57198.58,57046.10,55269.15,52252.77,61717.64,60207.44,60950.51,62848.53,59330.44
593,84,24.0,58433.69,56048.64,58754.87,56877.74,53411.64,62131.59,60402.99,60766.61,62685.78,58358.48
594,84,24.0,57577.65,56582.62,58424.20,54385.65,52981.70,59341.99,60418.41,60075.76,62225.28,58816.62
595,85,24.0,52665.30,52513.37,54505.75,54356.71,47648.03,54903.69,55863.53,59991.57,55021.66,54472.60
596,85,24.0,50052.27,48992.76,52219.51,52633.87,43786.39,50371.28,51335.57,57236.11,51717.17,52221.28
597,85,24.0,52562.81,54539.54,57297.35,55505.43,47973.97,53696.97,52938.78,59772.37,55807.92,54699.69
598,85,24.0,49730.44,48876.58,52803.59,53269.04,46413.49,49835.68,46601.63,51903.01,50497.64,49763.63
599,85,24.0,56268.46,55123.79,56950.56,57835.38,52987.27,54562.67,52293.29,58273.12,57921.49,54901.95
600,85,24.0,56216.49,56700.11,58419.38,57264.78,55467.28,57044.08,55461.60,56852.68,57102.41,56463.03
601,85,24.0,56112.63,56452.07,57647.80,59548.48,55165.96,56791.44,53860.88,53634.89,58331.16,56275.49
602,86,24.0,50828.03,53446.95,56608.59,56608.73,48938.91,53256.98,51365.82,49778.81,52681.49,51511.33
603,86,24.0,48674.41,51592.69,52479.21,54384.44,46134.48,49627.90,48971.33,46886.12,48935.54,47153.38
604,86,24.0,52947.73,56439.29,54401.57,56445.34,48997.10,52848.33,55494.81,50599.64,52199.49,50799.35
605,86,24.0,52033.88,52179.56,52611.74,57947.50,47605.57,51925.92,52006.22,48601.15,51516.11,49192.03
606,86,24.0,55175.24,56147.88,57772.66,60838.43,50237.31,56132.61,57155.88,53097.37,55127.34,51764.98
607,86,24.0,55795.27,57834.40,58432.33,60428.21,51240.42,57551.94,57607.17,54798.69,56385.40,53855.94
608,86,24.0,56491.81,58046.25,58909.86,61030.49,53253.71,57223.30,56380.36,53950.47,55834.00,53917.25
609,87,24.0,53476.30,53250.13,54597.59,57403.82,50237.79,52812.29,50369.16,48886.76,50563.09,48917.37
610,87,24.0,51488.83,51107.46,50226.52,54050.61,48306.84,51152.84,44768.69,45399.53,48001.81,47710.80
611,87,24.0,55021.47,56783.10,53938.29,58569.40,52393.63,57624.24,53083.14,52480.98,54912.80,53876.91
612,87,24.0,54856.26,56558.55,54050.92,59105.34,53197.15,58229.98,55224.46,54982.50,54866.46,55401.85
613,87,24.0,55988.21,55726.50,53614.82,56660.78,53946.63,57215.81,56217.48,55736.73,54626.52,55484.74
614,87,24.0,48915.38,46462.27,44890.15,50251.51,48795.22,49809.60,46663.61,49808.66,49634.07,49486.07
615,87,24.0,49439.85,48076.99,47562.33,50970.72,51492.70,51118.18,50586.99,51492.79,50375.87,50973.11
616,88,24.0,48367.29,46561.65,47474.08,54178.39,49830.89,50490.66,48778.21,47857.74,51205.52,51440.61
617,88,24.0,48032.96,43760.99,44256.92,51905.34,49633.74,47827.05,42959.41,44938.30,48193.05,48451.41
618,88,24.0,55617.40,51611.80,53033.50,57471.78,54854.84,55053.21,51530.06,53425.73,54322.35,54350.94
619,88,24.0,56225.72,52275.59,54325.21,57166.49,53940.05,57266.51,51871.66,54869.41,54615.34,55046.52
620,88,24.0,55396.12,53143.19,54640.73,57628.44,52606.26,56630.61,52337.00,54359.33,52270.06,54976.90
621,88,24.0,55111.30,54246.93,55003.44,56264.40,53215.55,56992.39,52591.06,52900.99,53489.17,54942.26
622,88,24.0,54514.65,54665.30,54269.67,58003.29,53338.37,56911.55,51268.61,52099.38,53177.07,54407.76
623,89,24.0,51657.14,49689.26,49672.29,50915.88,50065.49,51665.95,44736.78,45940.14,48135.68,48497.80
624,89,24.0,48472.74,46645.99,45731.38,47595.01,46239.89,47829.55,40987.28,42891.83,45605.80,45853.21
625,89,24.0,56607.95,52296.67,53877.73,54412.08,53924.23,55512.14,49870.31,50981.27,53807.43,52977.01
626,89,24.0,56502.62,51554.15,54798.38,53696.16,54164.19,56148.05,52563.88,52028.47,53828.35,54132.93
627,89,24.0,57735.22,52236.72,55337.28,55113.04,54627.38,56108.23,53235.29,52324.63,55039.89,55517.54
628,89,24.0,57297.97,51198.65,55479.88,53839.38,54599.36,56826.85,55180.55,52916.27,54718.70,56778.44
629,89,24.0,56773.57,50693.96,55088.60,53586.54,53304.16,54175.37,55493.51,55337.66,55158.65,54943.41
630,90,24.0,52384.08,44068.00,49423.72,50644.17,48583.48,50413.60,51351.25,49188.91,50867.49,49250.75
631,90,24.0,49806.61,41988.98,47559.14,47820.28,46106.09,48154.06,48530.96,47221.47,47650.31,46731.77
632,90,24.0,55745.67,49047.81,55224.22,53989.58,52714.69,55901.85,53524.15,53292.94,53861.36,55105.15
633,90,24.0,55801.24,49240.42,55537.65,54071.74,51309.37,56693.86,53485.76,53582.06,55494.37,55019.71
634,90,24.0,56211.30,48773.71,55831.72,53881.96,49601.58,56779.27,54038.52,53769.10,55324.71,53951.11
635,90,24.0,56205.57,48420.01,56148.00,53570.83,51029.79,55333.99,53940.15,54730.59,54273.79,54337.95
636,90,24.0,56409.68,47791.53,56972.34,55404.75,52243.27,55756.77,53451.32,53674.73,53766.27,53862.61
637,91,24.0,50453.85,42938.21,50083.62,49511.06,47671.56,50010.75,49354.60,50502.25,49200.34,49103.72
638,91,24.0,48368.64,40805.92,47696.92,47539.21,46345.96,47608.16,46950.13,47175.28,46623.98,46575.12
639,91,24.0,53872.30,48703.80,52894.36,52295.04,50735.79,53879.48,51861.57,52170.55,53935.39,51911.27
640,91,24.0,54677.79,50077.52,52304.46,53496.09,49770.74,54595.37,53634.48,54503.62,53879.01,52736.17
641,91,24.0,52937.83,49765.75,53309.76,53675.21,50263.73,54728.02,54626.64,53751.37,53831.85,52727.05
642,91,24.0,54173.39,49982.70,52078.72,53417.18,51389.13,55249.04,52755.04,52644.17,54467.92,51641.39
643,91,24.0,53610.79,49084.59,52759.22,53676.99,50585.09,53489.67,54438.20,54079.22,53670.16,53273.11
644,92,24.0,51233.47,43637.64,50689.53,51400.22,48793.71,48283.37,49135.62,49428.47,48244.72,50422.84
645,92,24.0,49153.03,42740.26,46534.45,48484.77,46387.16,47047.90,45254.67,47389.05,44541.51,48054.50
646,92,24.0,53814.56,48957.73,51371.56,52874.31,49665.85,53622.19,52458.96,51792.34,53937.02,53758.73
647,92,24.0,53720.40,49652.56,52075.93,52365.88,50324.16,54967.70,53617.80,52645.66,54883.29,53226.98
648,92,24.0,55074.10,48875.49,53276.77,53341.61,50696.03,54428.91,55842.64,53441.88,55285.56,53587.99
649,92,24.0,56158.96,49659.31,53229.40,53500.92,50206.18,54860.70,56345.88,53804.29,56002.28,53293.39
650,92,24.0,56161.49,50257.49,50647.08,53754.31,49882.94,55073.86,56295.22,54128.27,56013.20,52976.65
651,93,24.0,51610.51,44107.64,48981.24,51249.47,49572.93,51054.14,50379.33,53423.21,50129.13,48757.45
652,93,24.0,50118.49,43423.81,46402.05,48388.55,46874.95,48520.95,47748.27,50564.41,47118.43,46835.48
653,93,24.0,54529.25,50681.73,50631.96,53959.15,49256.77,53363.92,54909.79,55560.68,54044.92,53098.30
654,93,24.0,55941.20,50866.57,50971.66,53300.00,50579.67,54262.12,53981.76,55420.65,54741.41,51996.48
655,93,24.0,55323.77,51583.17,51101.16,54452.48,49694.77,53164.75,53934.90,55972.92,54389.34,52234.15
656,93,24.0,54956.52,51680.03,51752.22,55207.64,51400.85,52872.83,53256.60,56268.66,54507.18,53202.87
657,93,24.0,54341.22,51386.54,51777.35,55123.14,51018.84,53569.67,53495.82,55553.32,55481.80,53640.62
658,94,24.0,52854.66,47698.29,50065.76,52853.74,49035.82,49594.22,52196.42,53240.43,51779.30,51543.12
659,94,24.0,48890.89,46230.58,48875.18,47872.20,46774.71,47655.43,47921.49,45809.66,49558.49,49645.21
660,94,24.0,55254.35,50379.79,53410.73,54066.79,51981.59,51673.84,54894.96,53872.67,54299.61,56772.10
661,94,24.0,54483.33,50636.29,54657.96,54710.47,52466.20,54405.80,54360.79,53897.19,55223.93,58668.00
662,94,24.0,53774.70,50183.91,53896.08,56100.01,51151.49,54711.15,56981.39,54245.00,55941.96,57876.48
663,94,24.0,55849.84,50713.78,54366.06,55964.51,51515.55,53538.17,57170.88,53923.24,54215.72,58015.73
664,94,24.0,53744.88,50121.56,53668.17,57357.96,51168.83,53868.93,55443.81,52841.73,54022.20,55503.87
665,95,24.0,51362.02,44484.85,50667.66,53542.52,49681.23,52349.91,50649.40,50424.91,52557.09,52249.71
666,95,24.0,49175.74,44845.56,48012.19,50138.90,46303.63,48983.46,48300.05,47631.88,49400.53,50634.60
667,95,24.0,54507.98,49866.47,52553.05,56324.32,52275.69,55249.02,53125.19,53249.78,55411.18,57226.05
668,95,24.0,54998.31,49715.66,53791.17,56214.40,54185.19,56358.51,54026.60,52615.48,56073.61,57227.63
669,95,24.0,54104.45,50217.16,53975.30,54415.41,53777.77,56535.68,54442.60,52778.69,55707.32,56473.58
670,95,24.0,52938.64,49956.68,53526.03,53945.31,53687.93,55703.85,55043.37,53595.39,56276.48,56299.30
671,95,24.0,52607.20,50136.36,54178.11,55576.72,53407.73,56936.28,56138.82,53368.89,57075.25,58278.82
672,96,24.0,47599.47,46804.87,49463.04,48821.01,47902.12,48858.59,51156.72,46654.06,50021.78,52425.90
673,96,24.0,47929.37,47423.88,49791.35,49234.53,47456.37,48695.28,51710.30,46679.33,49330.96,52933.16
674,96,24.0,54449.92,52227.98,56258.43,55170.82,51866.84,52993.50,56550.85,53457.88,57019.71,59287.58
675,96,24.0,54907.17,53197.75,55432.52,56721.36,53394.07,55465.57,56525.71,54200.09,58112.69,60632.81
676,96,24.0,55902.56,52762.23,56233.06,55868.38,53794.32,54241.78,55843.58,55079.88,57406.65,60031.51
677,96,24.0,55540.49,51987.87,54694.58,55400.90,54381.73,53531.97,56724.60,55072.34,55821.14,58369.04
678,96,24.0,54622.82,51941.24,56717.83,54184.66,55027.17,55235.66,56453.69,54424.04,56920.03,59261.15
679,97,24.0,49574.03,49780.62,53884.91,50103.00,50115.07,53716.15,53582.41,50479.72,55076.16,56459.79
680,97,24.0,47779.82,47223.94,51213.17,47929.30,47278.44,50034.89,50271.62,48880.91,52419.15,53416.02
681,97,24.0,53880.32,51338.28,55216.43,54946.66,52236.87,56482.88,55885.68,54495.20,56081.74,58277.80
682,97,24.0,54884.49,51762.70,57748.38,55204.80,52477.14,56132.21,56723.22,54692.98,56437.68,57480.11
683,97,24.0,54225.38,52310.87,55798.58,53188.24,55852.36,57816.29,56077.46,55507.40,56077.65,58010.48
684,97,24.0,54577.09,51895.19,56479.37,54209.92,56611.24,57742.79,57144.27,54114.63,55879.40,58330.50
685,97,24.0,54392.91,51953.65,57177.79,54662.74,53401.92,57610.02,56845.01,54896.26,56032.41,57141.01
686,98,24.0,49945.83,48185.48,52633.35,49358.55,50313.37,52220.64,51585.45,50346.03,50730.78,51497.83
687,98,24.0,46983.80,44897.81,49957.37,46946.04,47349.98,48533.06,47724.08,46915.49,48016.26,49655.34
688,98,24.0,50705.61,49541.75,56082.08,52919.77,51509.18,54725.30,52936.99,51992.68,54093.48,53838.41
689,98,24.0,51790.95,50795.97,54612.83,53267.64,51891.95,54774.03,54816.67,52481.34,52652.70,54959.12
690,98,24.0,52403.97,49824.13,56300.55,51280.21,51182.07,53940.52,52736.15,51646.15,50379.65,53921.63
691,98,24.0,53608.00,49901.61,55916.94,51251.91,50485.52,53135.94,53278.78,51300.18,50905.96,53614.76
692,98,24.0,52033.66,49571.18,54669.37,50447.44,49719.18,52344.85,52668.31,51609.19,50759.53,52247.60
693,99,24.0,48829.09,46006.49,50345.28,46444.28,46901.77,48000.03,48641.80,49610.07,45089.41,47992.66
694,99,24.0,45905.97,45413.19,47738.64,43450.07,43966.31,45189.14,45730.73,46614.23,43091.70,44983.85
695,99,24.0,51811.30,49003.21,52914.48,50277.73,49573.00,50277.99,51655.14,52756.85,47748.69,49530.52
696,99,24.0,53269.78,49916.43,54538.04,50835.84,49625.10,50591.28,51827.40,52064.96,46849.93,49641.61
697,99,24.0,52342.07,48805.45,53495.05,49735.51,47932.07,50690.97,50962.20,50984.52,46111.32,50092.33
698,99,24.0,51422.32,48278.89,53394.57,49107.51,47512.42,50173.97,51247.93,51095.09,46691.52,50171.97
699,99,24.0,50764.03,47842.07,53309.62,48552.52,48712.78,50043.71,51677.44,52085.01,46887.09,51279.80
700,100,24.0,48292.31,46415.95,49897.98,45614.08,46806.03,47109.02,48206.59,48276.18,43421.85,48211.79
701,100,24.0,45961.74,42723.74,47411.39,42820.33,43023.09,44444.39,45492.25,44931.03,42912.29,45473.13
702,100,24.0,51779.70,48812.88,52707.93,47728.11,47076.06,49572.64,50691.81,50194.05,47257.64,51322.79
703,100,24.0,53207.56,49216.30,53514.03,48154.67,47806.44,50435.53,51470.95,50074.31,47012.79,52090.21
704,100,24.0,49984.82,44569.72,49832.86,45854.92,45740.17,46034.92,48745.98,47646.91,45336.16,48264.40
705,100,24.0,52321.96,48180.95,52871.50,48837.25,47513.98,49314.39,51917.08,49552.48,46819.67,50773.86
706,100,24.0,53701.89,48630.60,53448.88,49630.96,48166.91,50765.62,52936.99,49343.31,48137.70,51786.09
707,101,24.0,51233.44,45226.88,52104.63,48377.89,47785.11,47893.03,50188.64,48577.35,44464.26,51046.73
708,101,24.0,49714.12,44388.86,49154.65,46170.11,45821.31,46801.47,48081.99,46392.46,43202.47,49488.34
709,101,24.0,54756.55,47698.62,53443.41,50716.52,50768.51,52728.07,53235.61,51287.02,48951.17,53741.02
710,101,24.0,55213.90,50067.25,53585.05,51297.84,53099.82,53377.58,56332.45,54083.60,50838.61,55186.02
711,101,24.0,55090.86,51554.73,54257.50,51415.09,53553.59,53562.95,56096.45,52702.40,51709.75,56572.76
712,101,24.0,54407.80,51734.79,55840.84,51790.61,53785.15,53395.72,55659.06,53225.70,52392.71,56093.06
713,101,24.0,54673.41,52854.97,55630.82,54029.21,53479.03,53831.48,56352.11,53874.50,52492.68,56051.42
714,102,24.0,50934.57,47760.44,53983.73,51228.13,50309.45,51802.66,53360.00,52450.06,48370.54,53218.37
715,102,24.0,49003.37,46016.17,51747.51,47856.79,47304.52,48675.01,50762.73,49029.44,47045.47,49840.34
716,102,24.0,53432.04,52700.15,56188.34,52741.72,53089.58,55014.30,57005.63,53749.58,53771.88,57283.09
717,102,24.0,55545.64,54570.26,57282.92,54924.97,54614.30,56366.96,58501.59,55037.88,55763.56,58962.65
718,102,24.0,56778.14,54428.31,57395.52,54520.95,54914.24,56703.35,58835.03,55121.12,55010.46,58465.94
719,102,24.0,56094.20,54617.96,57548.42,54896.77,55168.73,56589.40,59480.09,54507.32,53783.40,59089.51
720,102,24.0,55460.32,54287.69,57647.14,54899.27,56031.46,56077.01,59274.03,54575.70,54947.81,57869.48
721,103,24.0,54720.65,51354.33,54252.43,53332.34,50424.77,52514.35,55497.01,55267.46,51381.91,53972.28
722,103,24.0,52071.70,50477.59,51627.51,51532.44,47964.93,48982.98,53249.16,52615.90,48250.52,51305.08
723,103,24.0,58859.43,55185.73,58539.98,57470.48,56238.31,56169.02,60265.61,57634.99,56008.85,58679.07
724,103,24.0,58377.50,56021.54,59964.51,57311.96,55425.29,56511.06,60322.36,57748.94,56568.97,59841.99
725,103,24.0,59539.62,55826.27,59619.12,57450.18,55566.54,56947.85,59246.27,57089.54,54201.80,57772.12
726,103,24.0,61083.36,56399.23,57288.28,57349.58,54818.84,57044.42,59020.16,57762.81,54162.68,57731.76
727,103,24.0,61589.23,55575.13,56663.07,56509.60,54014.85,56450.84,59280.40,56849.07,53971.06,57488.22
728,104,24.0,57877.00,53164.15,53094.07,53327.91,51866.64,52996.39,54706.48,53729.07,52072.11,53823.30
729,104,24.0,54739.88,50773.85,50611.40,51357.25,50751.71,50550.87,52630.06,51063.67,49881.53,51551.64
730,104,24.0,59415.66,57034.04,56523.71,56087.81,55875.36,57332.50,60187.48,55949.59,57794.67,57257.48
731,104,24.0,58170.32,58134.60,56425.35,57544.76,54288.51,57741.75,61474.29,55738.93,56705.43,56567.03
732,104,24.0,59341.11,56296.32,58406.41,58906.75,55146.31,57679.64,60707.01,54502.27,56024.55,58398.61
733,104,24.0,57733.70,56277.56,57547.84,58180.98,54106.12,56157.15,59623.70,53552.79,55942.62,57246.03
734,104,24.0,59621.60,56322.56,55606.37,58631.68,53550.14,55600.25,57981.79,53707.36,56478.17,59250.49
735,105,24.0,56005.27,53679.41,52315.25,52786.04,48669.66,47256.40,54222.23,51594.91,53626.86,54109.00
736,105,24.0,53467.84,50958.81,49460.03,49442.29,46617.05,44658.49,52214.09,49131.20,50552.68,52213.61
737,105,24.0,59796.54,57910.59,57015.42,54380.70,53266.04,52409.02,59289.29,53692.79,55819.45,58165.99
738,105,24.0,58820.34,56751.66,56293.49,55925.41,53438.47,54962.75,57669.17,54390.08,57354.36,60000.14
739,105,24.0,58437.46,56271.80,54881.84,55054.51,54152.95,55567.91,59377.74,55307.79,57589.35,60484.90
740,105,24.0,59266.02,57865.05,55363.42,56469.67,54736.57,54364.72,59009.48,53956.62,55594.08,56289.67
741,105,24.0,58187.20,58838.36,56829.84,56494.47,54456.82,56788.17,57928.04,54306.24,55349.06,59251.77
742,106,24.0,55017.83,53252.12,52364.56,52181.65,51173.96,50162.64,53980.79,51606.12,54108.55,54450.96
743,106,24.0,52390.65,50355.65,49853.88,48092.37,49313.38,48765.45,51324.91,49501.52,50762.92,52418.74
744,106,24.0,59218.86,55078.27,57532.60,54071.66,55642.13,53583.44,57194.55,55777.35,55036.73,58558.12
745,106,24.0,58125.98,55894.15,57509.73,54614.07,55877.09,56174.62,58823.82,58423.00,58346.77,59434.02
746,106,24.0,58457.62,55923.15,58518.65,55765.05,57536.20,55202.77,56765.22,57200.56,58982.84,60372.27
747,106,24.0,59432.60,55683.71,57387.48,54921.98,55329.73,55463.51,58281.76,57658.56,58607.20,57484.24
748,106,24.0,60839.97,55692.65,56913.93,55910.76,53772.98,56160.02,58477.82,57123.06,57810.75,59992.97
749,107,24.0,56618.31,54154.03,53705.84,51587.37,51271.03,53583.53,55748.82,53454.35,54340.38,55199.13
750,107,24.0,54598.82,51968.12,51663.35,49260.18,48416.73,49201.81,53163.16,51405.64,51986.05,51305.85
751,107,24.0,57726.84,54485.21,56709.19,59728.89,59463.47,59990.99,60484.35,55790.04,57934.10,59709.18
752,107,24.0,60585.98,56476.04,58362.59,60496.58,57992.82,59029.70,61074.89,55923.82,58431.91,60825.59
753,107,24.0,59235.77,56894.50,58892.02,59243.97,57478.94,59926.83,60413.49,59463.64,59607.14,61779.61
754,107,24.0,58464.94,58013.08,58947.76,59474.88,55424.46,60270.65,60208.29,60310.38,58497.38,60524.17
755,107,24.0,58820.42,58215.60,59384.13,60609.12,55273.00,58165.95,61425.48,57144.84,60365.78,60345.10
756,108,24.0,55539.52,55298.81,54250.19,57631.71,53864.90,50462.24,55636.10,52533.77,56239.00,55317.95
757,108,24.0,53493.73,55447.23,52162.15,55469.25,52180.63,49566.87,53406.48,49546.34,53785.43,53297.17
758,108,24.0,58524.09,63324.95,60626.26,59232.63,58641.38,54064.17,58995.93,57233.81,57392.43,60331.59
759,108,24.0,58244.10,62485.75,61441.25,59965.51,58283.70,55511.78,60605.32,57820.46,59800.85,62299.99
760,108,24.0,62010.55,61789.21,59255.86,57433.91,58233.21,54407.69,59537.57,58680.62,61438.75,62474.98
761,108,24.0,61490.88,61605.02,59748.33,58833.41,59401.48,54549.42,62522.91,58663.51,59540.26,61737.22
762,108,24.0,59947.60,61355.18,61466.03,58379.07,60162.52,53909.33,62267.53,57326.88,60541.47,62889.72
763,109,24.0,57576.16,55367.09,56404.74,54735.78,55684.31,47069.54,56356.99,49760.65,56698.42,57280.12
764,109,24.0,55039.06,53847.74,54082.81,53030.41,52568.26,46308.29,53485.54,50541.96,54531.10,54872.18
765,109,24.0,60171.07,57119.85,62343.55,61132.38,57842.31,51957.20,61196.48,57540.96,61606.82,63745.69
766,109,24.0,59789.46,59599.88,63637.92,58386.54,59048.25,53729.01,62265.83,60300.01,62334.36,64412.63
767,109,24.0,62931.32,59490.28,64417.48,59132.31,59053.65,55123.85,63055.14,60380.55,62919.21,64722.83
768,109,24.0,60713.37,59089.66,62873.35,60225.02,57781.99,54523.48,64348.13,59425.88,62705.45,64182.48
769,109,24.0,57698.97,55661.54,62211.65,62329.07,61922.44,57439.37,63762.76,59431.46,62106.15,62337.94
770,110,24.0,56910.19,51633.92,59298.15,56934.05,60155.66,53419.08,61663.34,52796.11,59921.07,60932.85
771,110,24.0,52474.58,51954.09,58611.83,54501.16,57352.52,54592.15,60815.29,52943.28,57681.81,59117.14
772,110,24.0,58992.95,59217.43,65687.87,60195.89,64294.53,64513.41,67963.60,58998.71,65232.06,66570.22
773,110,24.0,61084.97,60546.83,62774.26,62178.89,65807.25,66481.84,68473.06,60627.98,66172.13,63978.20
774,110,24.0,59810.73,61116.04,63849.98,61066.60,65978.72,66648.96,65162.82,61290.21,65580.17,63218.34
775,110,24.0,61603.10,59703.57,62206.20,60941.28,66635.72,67268.77,64168.87,61660.64,64148.92,66452.78
776,110,24.0,59850.07,59174.90,61815.97,63779.40,67396.40,67899.29,64420.89,63832.60,66668.70,66697.65
777,111,24.0,58398.04,57502.86,55494.89,60273.18,65708.20,57291.93,64041.62,57182.21,64093.36,60973.13
778,111,24.0,55914.05,55157.84,53374.07,57702.07,62906.87,53617.23,60906.70,56248.66,62161.64,58000.62
779,111,24.0,59129.78,59716.56,61597.84,62449.02,68898.25,59098.60,64920.31,62298.41,66463.35,64086.24
780,111,24.0,60831.45,61091.33,60843.28,62036.35,69237.45,59173.98,66309.18,62456.29,65876.46,61433.79
781,111,24.0,59685.85,60953.50,63175.46,62749.97,68383.77,57678.71,68266.99,62026.64,66301.05,62925.27
782,111,24.0,57446.54,53217.24,56436.39,60402.93,64731.31,56126.88,64925.08,57966.61,63068.22,56249.10
783,111,24.0,60860.44,57584.87,58773.39,60081.76,65299.92,58631.53,65656.90,58724.57,66312.81,57978.53
784,112,24.0,62521.63,54971.32,62416.32,63171.79,66397.24,55769.92,65716.57,59394.05,65975.00,58691.78
785,112,24.0,60444.76,56460.30,59446.72,60857.43,61974.38,55270.64,62863.51,57500.75,64045.84,58471.61
786,112,24.0,67188.87,64411.63,68524.51,65108.50,65931.78,62289.09,69282.75,61660.28,67903.98,66068.19
787,112,24.0,65949.09,63319.69,66508.58,63178.99,62823.00,63981.56,67049.83,61377.87,66523.58,65826.16
788,112,24.0,67314.60,63247.56,67021.39,61384.09,61737.72,65283.68,67319.38,61117.22,64804.16,67224.12
789,112,24.0,67350.47,58572.99,65562.63,62624.01,63311.59,65529.68,66622.70,61480.63,65440.66,69587.41
790,112,24.0,65755.62,59692.81,66015.28,63837.94,62867.97,68771.04,63089.25,60906.54,63761.40,70490.63
791,113,24.0,59066.77,51715.66,61523.11,62715.80,56847.18,64673.29,60203.80,55001.51,60168.77,64788.76
792,113,24.0,56284.64,50998.91,62473.77,60916.83,54845.66,62447.48,57728.87,58420.40,60149.90,64436.53
793,113,24.0,64546.82,57288.05,65811.83,66913.79,62306.13,63859.58,64841.05,67456.60,64147.69,69511.02
794,113,24.0,65805.42,57937.22,65526.25,68641.22,64931.88,64430.58,64735.48,68705.33,67085.91,70269.61
795,113,24.0,65452.48,58152.12,64867.62,70318.61,65682.94,62677.71,64236.14,68849.15,69540.38,69878.91
796,113,24.0,66398.34,58456.27,65000.81,65735.56,68725.60,63186.00,65522.22,66791.93,66698.15,69911.07
797,113,24.0,66326.32,57952.48,68364.37,68483.24,65361.18,62762.92,64980.67,67571.76,67120.05,68860.90
798,114,24.0,63791.70,55051.67,64812.86,68369.69,61015.40,53772.51,58897.48,62916.86,65708.72,64762.75
799,114,24.0,62981.99,55371.09,63190.70,68624.28,59034.65,55823.78,55182.46,60632.13,64081.67,62685.04
800,114,24.0,68415.65,63084.69,68970.94,71139.39,65081.75,63069.62,64547.99,70621.28,69067.19,72063.89
801,114,24.0,70988.04,65091.36,70899.70,74564.04,66869.95,65418.67,66728.67,70896.71,70244.60,72746.89
802,114,24.0,68278.30,65953.55,69573.11,76041.51,67023.46,63878.02,66396.93,69098.61,69940.84,69522.11
803,114,24.0,70476.36,65791.98,71597.78,75496.91,66661.93,61475.43,67470.63,67687.54,70479.92,70400.05
804,114,24.0,69169.83,66684.36,71215.63,73813.45,68046.59,66849.32,65968.17,66517.67,69813.24,69853.17
805,115,24.0,67941.72,67892.49,71389.17,72738.43,66888.23,59986.45,63067.05,63290.43,63082.28,68131.32
806,115,24.0,63095.03,65985.76,69390.30,66833.54,67842.62,58620.96,63308.81,62015.21,59536.17,64000.66
807,115,24.0,68759.82,70691.21,73835.43,73237.30,66071.62,64652.63,72029.80,70798.25,66985.26,73200.36
808,115,24.0,71274.89,73449.96,73527.15,73981.86,67506.13,68878.57,71182.04,70159.18,68073.35,73864.11
809,115,24.0,71600.87,73890.92,70546.85,75093.99,66577.36,71059.74,69153.16,67951.98,67768.70,74182.48
810,115,24.0,71015.97,71342.84,72941.50,74447.84,64591.24,72706.55,68427.65,69444.59,68149.87,74674.08
811,115,24.0,71901.83,71130.35,70533.50,73290.53,63918.08,74031.77,73592.34,70251.81,68040.32,75017.94
812,116,24.0,68205.30,69830.25,63462.90,62119.32,63595.20,73885.92,66896.06,67060.46,58326.13,67757.77
813,116,24.0,65061.56,68469.45,62822.52,61565.67,63471.30,73113.71,65981.23,66592.66,56850.07,67643.85
814,116,24.0,69169.26,74453.24,68668.59,72903.68,67344.98,78558.75,71398.91,70016.66,65967.00,75576.54
815,116,24.0,71290.50,77020.37,68229.09,78443.51,66908.37,78841.32,70276.69,71469.29,66406.46,74294.84
816,116,24.0,70937.64,76260.49,67097.89,80636.52,67447.76,78468.75,72712.75,71547.38,65810.95,70433.98
817,116,24.0,75316.73,75567.16,66829.21,77521.73,67232.47,77319.64,71286.32,73008.11,65856.17,69248.24
818,116,24.0,74144.16,74790.86,70585.65,78909.63,71076.86,75949.88,72721.44,71931.40,66259.62,70226.96
819,117,24.0,68393.34,69172.09,63987.98,77681.22,66253.87,73318.13,68137.43,74595.07,63753.69,68512.17
820,117,24.0,65683.56,67755.06,62587.70,72541.50,67551.18,70020.56,64453.27,71132.71,60935.99,66225.08
821,117,24.0,69402.16,73351.19,70633.04,76857.95,65319.96,74256.42,70741.45,73374.00,65340.74,73646.83
822,117,24.0,68715.85,74078.77,71447.34,80470.17,65342.54,75362.16,71400.99,72411.16,66508.24,75579.77
823,117,24.0,70740.11,71145.82,69656.29,78936.63,65696.24,73375.18,72327.78,73643.04,68757.13,73320.04
824,117,24.0,71486.19,71709.17,70043.94,76037.29,66897.52,74451.13,71339.82,74157.97,66527.27,76492.29
825,117,24.0,72348.63,69396.20,72156.30,74500.36,67113.41,73537.02,72017.67,72987.78,63993.44,71394.64
826,118,24.0,68324.49,65025.31,64391.58,68036.12,69289.99,67678.93,68511.50,70994.14,63170.71,71132.88
827,118,24.0,65137.75,57790.09,61986.10,65951.80,67570.85,65584.15,67282.44,69208.83,62139.01,67593.73
828,118,24.0,71190.81,66061.08,72077.25,69461.37,68846.09,73800.56,74941.37,76718.89,69259.40,73305.42
829,118,24.0,67003.76,69307.37,72759.65,71809.65,70557.90,75844.21,73420.21,75850.76,69781.65,71421.71
830,118,24.0,67285.05,72153.03,73018.04,72746.24,71254.33,74776.26,72258.78,77240.85,72497.70,73164.29
831,118,24.0,70389.94,70729.93,72479.29,71223.06,70950.62,74061.96,72642.72,74807.24,74171.31,74240.99
832,118,24.0,72223.14,74104.85,71988.41,70809.70,70878.92,73388.94,72730.11,78384.57,75378.11,73932.43
833,119,24.0,71247.37,69210.29,69420.47,64998.95,67954.45,75151.64,70597.54,74618.28,72286.55,70228.80
834,119,24.0,70318.62,70099.67,67449.20,64039.46,69307.06,72889.10,67095.30,73730.06,69160.18,65370.28
835,119,24.0,68792.90,71218.46,69803.57,65154.90,67947.57,73139.29,68167.06,72549.39,65107.71,66592.22
836,119,24.0,65280.20,69785.20,65072.33,65744.99,64913.66,70735.80,70724.28,69006.03,60964.39,64491.17
837,119,24.0,69882.90,76055.08,71285.24,68135.91,68362.90,77647.93,77679.52,73632.59,66854.12,67630.22
838,119,24.0,71201.57,76551.22,72877.20,66856.65,69707.61,80389.28,79488.02,77333.50,66711.84,68075.34
839,119,24.0,68824.01,74220.28,73961.47,66500.25,66183.08,80975.85,78555.07,76023.83,66031.11,67423.43
840,120,24.0,63627.82,67216.44,70228.77,62916.26,64863.55,78488.00,71682.90,73112.14,60725.55,62021.19
841,120,24.0,62030.90,62760.82,66178.34,63244.91,59707.69,79014.28,67573.99,73608.25,60155.34,59721.05
842,120,24.0,66251.72,66371.47,68786.93,67940.42,62536.51,79550.67,70966.98,74418.44,64908.12,61402.65
843,120,24.0,65285.43,59542.66,68354.01,65772.46,61364.08,77568.51,62851.02,72417.87,67757.62,59665.64
844,120,24.0,72085.68,65700.50,71478.71,69207.81,70769.28,81207.11,65167.48,74017.30,76849.75,65513.04
845,120,24.0,74482.17,69597.11,72480.73,69419.71,72311.50,83590.91,67482.04,72474.71,80520.41,69137.30
846,120,24.0,73238.93,72018.96,71668.07,72002.47,71780.94,83569.38,70171.87,70844.79,81336.78,68361.00
847,121,24.0,69108.58,68257.65,70731.47,66759.43,71180.81,79552.22,64786.32,64211.86,77705.42,68041.68
848,121,24.0,63385.80,64171.00,70469.39,64775.31,72402.00,80136.56,62454.35,61161.19,76685.92,67308.06
849,121,24.0,69765.95,67513.18,73420.31,68065.12,78282.78,80529.78,69305.06,70084.42,81529.77,74117.13
850,121,24.0,73397.26,66063.61,74435.46,73895.89,80447.41,78930.28,71247.60,68373.06,82309.18,76775.65
851,121,24.0,70783.47,67729.35,76250.52,76242.51,78050.94,79122.39,72208.85,70947.27,82374.84,73193.43
852,121,24.0,70515.41,68032.24,73468.45,74015.33,81770.07,80781.89,75596.78,72005.30,83276.86,75114.04
853,121,24.0,72941.56,68340.13,72466.97,72371.15,78288.66,81916.88,75979.64,73292.04,83782.69,73961.95
854,122,24.0,72100.64,60718.36,70518.18,68326.57,76876.18,80831.63,69724.91,70324.27,79248.77,69097.29
855,122,24.0,69955.36,59367.62,69231.11,67819.44,72843.29,78280.23,71920.01,65173.19,77228.58,70628.82
856,122,24.0,78626.18,69093.33,75157.83,77045.76,74113.16,82527.60,80260.36,73124.01,81064.73,75247.34
857,122,24.0,75116.27,71757.56,72478.10,76746.92,73677.04,82293.85,81905.89,73856.69,81170.24,74990.33
858,122,24.0,78098.28,71796.26,72714.06,74368.28,72680.19,80932.69,81173.14,71088.42,81535.71,74662.09
859,122,24.0,80582.14,72096.52,73859.53,75408.56,70808.25,80031.40,79993.60,70994.03,81994.86,71340.97
860,122,24.0,81819.66,74945.56,70969.96,76527.41,71580.92,79103.62,79223.92,71381.06,81878.99,72201.96
861,123,24.0,72532.46,67437.72,66011.64,71340.94,68774.26,74440.07,73133.26,61448.19,75741.66,68802.12
862,123,24.0,66577.60,65155.12,65244.53,68249.55,63414.00,71906.22,71498.96,62470.15,73653.46,66552.58
863,123,24.0,73400.91,74902.11,74392.54,74458.53,70075.80,78053.08,76387.92,73085.40,77796.25,72075.95
864,123,24.0,74154.98,75299.55,74185.39,72183.43,74622.87,79270.99,80594.62,76956.40,75409.67,69826.95
865,123,24.0,74441.62,76743.24,75493.05,73370.44,76342.52,78792.76,75125.76,76485.13,74973.35,67313.68
866,123,24.0,76345.95,75867.44,75527.79,74686.25,73960.89,79177.43,76720.11,76347.77,77837.47,67617.85
867,123,24.0,75050.09,75727.60,77832.83,76733.92,71344.25,80858.76,72035.48,76607.61,78031.02,67979.82
868,124,24.0,68226.36,69675.28,75963.21,70861.96,68053.18,72580.59,65398.69,72223.60,71598.58,60164.47
869,124,24.0,66873.90,66426.59,72473.86,64955.87,69058.73,66138.54,63473.26,67551.55,71796.91,58666.10
870,124,24.0,74601.75,70802.75,76864.26,70937.07,79863.53,73149.82,72423.67,75234.01,74543.41,68731.68
871,124,24.0,76120.56,71178.55,76585.83,72271.15,80820.67,76120.26,70069.88,76819.08,74450.26,71182.23
872,124,24.0,74630.87,68273.48,76878.11,72413.82,82425.49,77871.14,68133.67,76274.78,72838.12,74787.40
873,124,24.0,75120.06,68121.37,78957.29,72991.67,78357.36,76861.61,70048.06,73769.59,73839.88,72021.40
874,124,24.0,74823.57,68956.82,79677.01,72740.14,82985.29,77362.78,69739.91,74940.24,72228.59,73164.84
875,125,24.0,68784.03,63330.71,70513.68,69265.39,79829.61,72986.84,63291.80,67894.33,68944.27,68658.42
876,125,24.0,66922.17,60872.90,66005.50,68218.84,75906.46,71419.02,61159.53,66339.97,67103.89,65184.39
877,125,24.0,73033.51,69462.33,70932.84,73010.68,81939.47,74643.27,67353.19,74806.05,75104.71,69645.30
878,125,24.0,74809.53,68283.44,68626.14,75293.33,83330.43,79308.61,66981.37,74482.11,73191.38,69391.74
879,125,24.0,74218.84,70003.71,68448.21,69447.60,83592.26,80108.24,66465.67,75385.86,73292.04,71988.56
880,125,24.0,75383.42,67102.20,68108.81,70746.23,85428.04,78799.20,69203.39,75362.69,73910.58,71043.53
881,125,24.0,77666.45,66248.46,70563.48,69039.83,84396.75,76177.21,67933.38,75057.13,73585.92,71616.33
882,126,24.0,70315.39,61310.69,65416.36,62487.73,74670.37,65930.85,61359.98,73335.93,67335.43,69111.06
883,126,24.0,66263.10,56774.84,63986.19,61727.73,71354.25,64027.99,61180.85,70727.75,66412.51,68692.91
884,126,24.0,71509.49,62267.78,70590.95,72012.59,78331.66,71808.53,67337.37,73647.88,73328.17,73680.83
885,126,24.0,70153.45,63951.11,71227.27,70530.94,81908.29,73750.70,70374.72,74619.35,76457.26,70112.30
886,126,24.0,68121.53,63964.95,68980.39,71677.89,81833.38,72409.64,67822.14,74001.59,79919.57,71327.79
887,126,24.0,69155.25,64019.61,73820.35,72864.73,79158.84,71359.90,65309.14,73975.90,79906.39,71045.21
888,126,24.0,70445.13,64529.10,74222.48,74092.83,81534.18,71928.70,63216.17,73621.90,80016.33,74350.87
889,127,24.0,62514.19,57835.20,63436.23,71450.80,74915.94,64906.02,62100.30,67828.78,72444.29,66016.12
890,127,24.0,61434.26,57075.84,60935.07,70274.03,71127.80,59782.58,59771.36,64530.61,70559.26,62137.59
891,127,24.0,69859.47,63386.77,63818.95,68625.53,76306.96,66831.14,61989.07,66000.82,73864.54,68041.78
892,127,24.0,73915.74,65034.29,64425.27,67780.15,76171.36,66662.23,62980.75,67029.07,74028.59,67556.63
893,127,24.0,72499.85,65525.98,66853.41,67627.31,77277.08,68082.04,62134.90,66321.98,72742.19,64982.43
894,127,24.0,76472.53,66295.42,64609.04,67078.80,74408.18,68005.98,62134.90,69051.55,72827.60,65964.86
895,127,24.0,75838.62,65489.80,65231.51,68094.65,73653.18,68065.74,64135.22,71509.27,72710.76,65428.51
896,128,24.0,67155.32,55336.39,59512.02,61777.95,66675.70,60504.92,59149.38,69719.85,66182.97,58653.22
897,128,24.0,65758.96,54735.58,57692.70,60608.17,63898.62,60101.82,57792.72,66796.82,65715.70,55000.18
898,128,24.0,66159.41,60727.08,63082.52,60762.28,71532.09,65366.03,62940.83,68140.65,69709.46,62994.94
899,128,24.0,66182.15,60649.48,62502.10,65382.85,70792.56,68330.71,63373.46,65896.95,69664.36,60925.24
900,128,24.0,65558.02,59008.04,66535.84,64674.41,68361.14,68448.11,62296.76,62719.61,70806.36,65999.81
901,128,24.0,64059.07,59539.04,67681.52,66423.74,67726.77,66650.56,62666.36,66113.72,73146.46,62933.49
902,128,24.0,66661.79,59558.14,69854.31,62546.50,69930.47,68966.60,65812.54,67946.31,72310.05,65335.24
903,129,24.0,65215.61,56281.14,64979.71,60130.37,65495.96,64912.35,60856.63,65975.36,71958.33,60421.72
904,129,24.0,63685.11,55427.13,59786.76,60721.34,61925.48,64613.62,56761.26,63351.67,69951.89,59712.98
905,129,24.0,64503.34,59579.35,64759.47,61463.32,64597.69,67255.39,63726.66,65247.05,73723.05,67039.09
906,129,24.0,64926.84,60187.11,60727.89,60307.32,67563.68,68711.69,63501.56,64569.82,74522.67,68988.84
907,129,24.0,65789.98,61646.89,59673.66,61374.72,67548.65,68396.09,64822.54,69003.27,74440.17,70067.74
908,129,24.0,66346.96,61618.29,61061.45,61284.39,69394.87,67679.41,61457.91,69336.23,72919.93,69652.97
909,129,24.0,67658.99,59881.37,61761.61,61197.95,68035.61,66559.37,64381.18,66234.85,71968.74,67772.17
910,130,24.0,68270.57,58894.12,57798.70,61840.66,68223.27,63222.25,60583.89,61612.72,62103.88,61356.28
911,130,24.0,64369.85,59132.41,56004.18,59403.24,63767.26,62823.62,56205.79,58906.59,56781.08,58107.12
912,130,24.0,65189.81,55759.72,62605.20,66677.61,69961.60,63737.17,60744.72,65145.63,64097.28,62900.25
913,130,24.0,64045.04,57224.08,59912.77,66131.79,70773.40,65145.12,61647.56,65632.21,65903.55,63180.88
914,130,24.0,64839.48,56623.26,60007.62,66710.94,70307.32,66623.72,62489.03,67032.35,66373.81,61977.84
915,130,24.0,63907.37,56904.27,61578.33,66349.05,65353.01,66441.58,62578.34,67238.70,63238.78,62336.35
916,130,24.0,63922.95,57061.21,61464.11,65527.32,67218.60,67679.30,61823.02,68861.83,68428.83,64861.51
917,131,24.0,63328.17,57609.05,58751.75,61671.37,64210.03,66475.76,61128.67,64845.20,64257.59,59995.71
918,131,24.0,61006.71,54401.06,58541.61,58507.75,60154.44,64507.26,57423.36,60683.28,61289.88,59926.39
919,131,24.0,67457.57,56383.40,63613.47,62521.49,62816.57,67079.18,64230.08,65243.19,62871.76,66509.89
920,131,24.0,66522.27,55033.80,65046.59,58803.84,63666.57,68034.84,62751.75,64610.80,62404.85,68260.19
921,131,24.0,61537.40,56350.18,65846.32,57692.87,60853.68,68290.60,63552.21,65525.70,64124.69,66691.81
922,131,24.0,65495.47,56124.66,63756.36,57931.22,63569.05,68810.13,63865.87,64878.51,64158.21,64186.57
923,131,24.0,64648.91,56872.79,64473.46,59787.21,60696.80,67562.67,65732.80,65829.08,61923.97,65835.99
924,132,24.0,65332.96,54908.27,63319.26,59060.61,56756.14,63237.42,62381.26,63799.62,52789.29,62485.29
925,132,24.0,60690.53,49636.67,61092.09,56137.07,54535.19,61193.71,59729.55,64849.85,52238.97,62278.94
926,132,24.0,63874.74,49554.46,62221.81,57700.79,53793.04,60356.36,61564.90,65424.11,52897.03,64338.12
927,132,24.0,67881.87,53761.72,67019.24,58766.73,60214.44,64050.20,64694.54,65233.71,57737.63,67157.21
928,132,24.0,67510.32,54196.86,63417.75,60780.22,60584.22,64941.82,67583.29,66769.71,59996.69,70138.30
929,132,24.0,69785.07,51724.50,61959.59,60638.51,58598.04,63363.88,63727.44,65386.68,60108.40,70163.00
930,132,24.0,66357.13,52875.54,62067.92,59885.64,56932.86,63059.65,63556.15,67463.48,58820.52,69423.04
931,133,24.0,65382.78,52093.24,60119.31,55751.80,55469.91,64950.17,58064.69,64382.22,52988.69,62942.70
932,133,24.0,57370.45,51303.76,55414.97,54931.99,54259.92,59912.72,55011.00,62957.46,52329.60,63593.37
933,133,24.0,60507.40,56340.95,64102.98,58064.82,61153.55,63497.81,60164.94,64779.67,58024.79,70192.35
934,133,24.0,62156.68,56329.50,67602.20,54024.59,62725.65,60849.20,56937.69,63025.68,58940.39,66303.19
935,133,24.0,59667.21,57177.36,65193.00,54493.30,60957.52,62995.59,56013.12,62733.47,60469.51,66293.31
936,133,24.0,60094.98,57028.71,67819.41,55326.92,62489.53,63928.90,54801.63,61834.77,61552.42,63801.95
937,133,24.0,59539.20,56274.26,68260.15,55740.48,61880.95,64646.35,53968.84,61210.08,62305.17,62338.30
938,134,24.0,58698.23,57302.57,61608.80,55493.22,60721.56,58445.85,52015.03,60867.16,61497.92,55851.41
939,134,24.0,55865.74,55534.00,56492.20,54396.36,56641.70,57023.97,51081.82,56099.92,59987.35,54353.33
940,134,24.0,58332.77,57935.36,62725.40,57595.68,57184.09,60391.68,52795.61,59817.87,61300.15,62076.50
941,134,24.0,60220.81,57790.80,59757.42,58880.96,59020.89,62484.08,56244.29,59044.34,60633.49,61115.04
942,134,24.0,57408.96,55617.60,62832.36,58078.01,58926.95,63081.15,55934.09,60811.67,62621.40,59988.32
943,134,24.0,57283.21,55220.85,64326.76,57805.05,58285.03,62129.25,55037.74,58582.14,62190.82,60433.62
944,134,24.0,56712.84,56272.31,65184.88,58597.76,55924.84,62814.88,54965.90,57346.32,63625.68,61159.40
945,135,24.0,54838.53,54436.51,59678.81,56075.56,56069.94,57303.73,53187.99,54086.93,60494.20,55621.12
946,135,24.0,51904.92,49434.26,54221.73,51969.82,54957.71,55509.04,50735.26,50556.85,58015.56,52480.55
947,135,24.0,56122.60,53244.15,61816.21,57534.37,57123.38,64013.28,55663.47,58401.06,58327.77,58913.09
948,135,24.0,56319.64,54253.68,63500.40,58306.00,58384.34,65051.75,56117.58,57496.24,60836.03,59159.44
949,135,24.0,57662.26,55545.61,61701.97,56867.38,59771.58,60551.65,55496.12,58255.63,59866.47,60105.97
950,135,24.0,56280.28,53758.89,62856.64,54604.52,55841.31,60270.90,55235.11,57469.72,60598.17,59573.08
951,135,24.0,56312.74,53184.89,60545.88,57532.16,55957.20,62276.64,57943.19,59626.89,61014.39,56893.85
952,136,24.0,52452.98,51688.58,54517.87,51941.43,53147.37,59608.84,56055.83,58077.31,54433.51,53264.27
953,136,24.0,49175.39,51049.25,50943.50,49106.03,49923.03,58853.89,53458.37,55776.01,51969.59,49613.73
954,136,24.0,56606.02,53155.89,57347.92,54556.02,56034.37,59615.61,61203.52,60472.69,58362.61,53707.92
955,136,24.0,57111.44,53414.49,57555.08,53997.35,57240.95,61665.05,57335.05,57684.83,60264.47,53189.75
956,136,24.0,57506.85,54059.31,60044.85,53975.40,56615.61,60397.25,62638.92,59412.48,58646.51,53271.95
957,136,24.0,56204.90,53141.13,60753.91,55007.14,57134.07,62603.88,61062.17,58181.70,57237.31,54962.06
958,136,24.0,56067.06,53149.66,55463.10,53151.10,56664.84,61682.57,56801.56,59760.18,59367.15,54109.50
959,137,24.0,50441.75,50029.72,55070.85,49244.57,52766.88,61590.91,53976.70,56054.96,54854.65,49281.44
960,137,24.0,48187.68,47464.22,53071.17,46786.67,51357.21,55323.32,52621.80,52584.76,52167.88,47773.46
961,137,24.0,55644.56,52501.68,58219.29,54595.24,59736.92,58972.33,56274.20,60120.82,57912.40,56647.73
962,137,24.0,56348.50,51957.38,59310.88,52779.00,58885.68,58659.01,53854.24,61187.30,58479.68,53396.39
963,137,24.0,57650.83,51845.05,60322.48,52572.80,57089.92,57867.49,54782.48,59472.32,58604.44,55886.46
964,137,24.0,50482.68,47141.54,54605.00,51326.60,48942.53,47014.57,48694.19,58174.44,52899.26,46772.00
965,137,24.0,52649.01,49632.52,56934.96,53270.94,52752.43,50192.72,52092.37,60950.43,53700.94,50879.37
966,138,24.0,52730.91,49085.73,57704.38,52666.13,51111.90,47529.07,51677.45,56403.72,51833.58,48972.55
967,138,24.0,50959.41,47715.73,55182.16,51227.09,50667.72,46462.10,50149.77,51796.61,50597.66,47475.37
968,138,24.0,56953.18,53529.61,59465.00,58060.58,57938.07,52975.78,54761.04,57279.78,55655.91,54346.00
969,138,24.0,57898.17,54248.96,60141.35,58158.54,56735.43,53903.88,57276.97,58909.26,55914.54,55530.12
970,138,24.0,58043.43,54381.65,60447.21,58830.05,55772.60,53613.74,57325.93,58188.66,54647.05,55108.99
971,138,24.0,53110.28,48999.45,56809.76,57048.02,51380.88,47445.81,54582.92,53078.71,48812.80,49149.83
972,138,24.0,53723.95,50542.97,57844.75,56687.11,53070.00,51015.36,54286.89,55492.33,51598.86,51902.95
973,139,24.0,52756.83,47205.01,58509.68,55760.72,51129.21,46882.47,51713.65,52046.65,47555.06,47215.79
974,139,24.0,51881.71,44483.64,55827.78,54513.48,49858.86,44997.80,50057.15,50757.39,45705.89,45519.19
975,139,24.0,57740.93,52710.61,62708.89,60930.47,56632.00,51411.58,54971.28,58299.88,52695.09,53114.85
976,139,24.0,59471.96,54205.69,61589.01,60667.98,56423.39,52473.68,54345.03,57339.92,53410.27,55600.11
977,139,24.0,59810.22,54792.14,61866.79,60567.03,57404.15,52376.07,53634.32,56776.62,53689.57,56913.23
978,139,24.0,60223.77,54313.20,58121.85,58634.57,55602.62,53626.19,54479.92,57333.56,53188.28,56020.00
979,139,24.0,58588.54,53011.56,57326.97,57825.87,55503.38,52989.10,57124.56,58307.77,52592.46,55185.19
980,140,24.0,54016.83,45412.90,53373.27,53110.01,51903.96,45508.64,54841.32,56594.58,47109.67,50950.43
981,140,24.0,52297.27,43092.17,50403.32,50867.79,51775.52,41831.55,51885.61,54003.41,45278.25,47812.28
982,140,24.0,56035.31,50197.84,57779.87,56639.05,57688.91,50082.30,54674.60,58162.79,51824.09,54244.45
983,140,24.0,55132.63,50288.70,58305.71,59838.26,57215.42,50918.63,54184.09,59153.84,52988.93,57563.89
984,140,24.0,55636.40,49981.17,58463.11,58493.51,56658.94,51198.33,55197.97,59043.35,52635.02,56128.65
985,140,24.0,54469.05,50288.70,56479.12,56830.61,56923.50,51732.70,55366.49,59752.70,53147.88,55944.03
986,140,24.0,55302.83,50493.33,55484.39,56024.38,56009.27,52035.38,54601.97,58270.24,52910.68,55571.92
987,141,24.0,50661.19,45646.95,52515.50,52675.32,51622.89,45527.80,49175.47,53032.96,48804.94,50152.08
988,141,24.0,47820.81,41177.34,49926.10,47768.45,48498.38,41823.70,44608.43,49971.54,45168.55,47301.07
989,141,24.0,53478.22,47746.16,57531.82,52789.86,55137.07,49544.44,53694.46,57044.32,51255.09,52953.31
990,141,24.0,54229.39,49437.24,56690.63,52272.38,54906.39,49760.35,54783.42,57531.80,51868.55,53583.67
991,141,24.0,53069.17,49746.48,56430.18,52851.60,56209.39,50132.09,53217.87,55867.71,51560.82,53205.38
992,141,24.0,53639.39,50048.89,58139.71,53651.05,56136.32,50670.60,53895.04,55836.25,51646.52,55375.26
993,141,24.0,54802.24,50202.91,55658.19,53554.14,55934.01,51512.31,52413.83,54919.92,52187.79,54860.94
994,142,24.0,52250.51,44878.94,51334.65,50915.62,51741.94,48533.17,50953.54,50783.81,48205.45,51636.03
995,142,24.0,47302.86,44472.40,47732.54,47263.26,44417.03,48545.54,50436.50,47041.63,47690.14,46244.48
996,142,24.0,53186.48,50057.44,54511.42,53278.26,51832.01,54176.60,55061.82,54220.41,54328.37,52109.57
997,142,24.0,55711.24,48719.41,56790.15,52933.41,53349.08,54647.09,54873.34,55185.82,54029.57,52196.81
998,142,24.0,54992.98,49277.67,56100.03,52940.53,52240.79,54606.75,54573.55,54200.89,53013.84,54363.34
999,142,24.0,54350.83,48651.82,55637.89,53695.80,52761.65,52700.10,55876.74,54456.35,51994.73,54665.27
1000,142,24.0,54664.29,49469.14,52263.47,52489.95,53211.89,53013.26,54921.72,53719.79,52253.51,53738.75
1001,143,24.0,50424.76,43574.87,49987.93,50717.09,49414.21,45592.19,50546.71,49356.32,45829.48,48841.35
1002,143,24.0,48432.42,41073.34,47567.09,48144.53,46895.72,42743.24,49061.09,47044.41,42211.76,45751.22
1003,143,24.0,54642.76,48528.89,55618.34,54969.66,53190.85,49242.71,55166.20,53090.92,49986.74,52669.02
1004,143,24.0,54507.86,49318.97,56745.42,54881.43,53227.75,50305.63,52842.60,52958.42,52144.99,53593.44
1005,143,24.0,54995.80,49619.66,55840.10,54422.42,52502.55,52374.34,53240.74,52690.02,52690.90,54118.75
1006,143,24.0,55696.68,49953.87,56251.60,53915.62,53243.31,52251.03,51529.74,52266.09,53021.47,54532.27
1007,143,24.0,54143.85,49000.99,55418.83,53800.58,52584.69,53073.55,50677.10,53240.83,53199.27,54054.41
1008,144,24.0,51872.01,43238.59,51123.84,51905.40,46846.04,50573.96,46680.09,49710.51,49271.14,49674.12
1009,144,24.0,49404.20,38927.07,48351.95,49524.52,44643.62,47992.84,42883.75,48005.32,47192.18,46364.33
1010,144,24.0,55118.44,46046.89,55882.43,55022.36,50161.97,52499.24,51140.48,53137.82,52199.98,53433.46
1011,144,24.0,54729.34,47368.53,54798.93,55020.41,51582.98,53072.33,52393.54,54758.93,53349.76,56471.95
1012,144,24.0,54558.49,47392.69,57006.96,55348.02,51788.42,52810.90,53874.94,54965.13,53090.91,57369.55
1013,144,24.0,55130.66,47111.35,55966.21,55996.38,51501.42,52127.26,53707.78,54741.39,53375.45,57323.34
1014,144,24.0,55132.30,47042.05,56689.88,55942.63,51891.65,51217.72,52914.73,54792.55,53623.13,56610.75
1015,145,24.0,53419.49,40894.67,51623.09,51905.95,49749.16,47406.10,47373.53,51225.10,48157.92,51648.51
1016,145,24.0,50560.41,37754.12,49048.17,49975.91,47114.69,46560.38,45311.03,49009.26,45355.74,50184.05
1017,145,24.0,54625.86,47167.96,56358.39,55688.23,53685.53,52026.30,50854.50,54608.65,51719.28,55087.86
1018,145,24.0,55456.67,49807.28,56120.09,56873.35,54373.28,51902.16,51997.36,54853.98,51106.77,54384.43
1019,145,24.0,56369.35,50545.69,56157.59,55757.60,54064.22,52064.34,51539.95,54950.53,51814.99,56317.09
1020,145,24.0,56326.50,51202.57,56870.62,55240.95,53860.55,51629.31,51994.56,54723.64,50698.15,54987.20
1021,145,24.0,57202.76,50149.56,55922.54,57317.72,52579.56,53372.59,50655.41,54592.67,50315.38,56916.59
1022,146,24.0,53773.08,45628.66,51962.85,54375.94,48943.91,50702.08,49805.37,52960.98,48343.58,48778.63
1023,146,24.0,50433.70,43266.71,48294.01,51833.62,46167.77,49368.18,47279.09,49683.31,45451.61,46522.33
1024,146,24.0,55993.78,49880.88,54201.43,56273.88,53926.46,54917.49,53036.56,54424.57,51642.32,53821.40
1025,146,24.0,56152.74,53985.57,57565.29,55978.98,55287.16,54399.44,54622.25,56202.32,51556.54,54569.23
1026,146,24.0,56460.47,54661.29,56738.87,53898.97,54345.31,53986.48,53341.13,56788.31,51464.65,54379.54
1027,146,24.0,55187.80,53398.23,57835.99,54497.14,55743.84,54229.67,54434.33,57003.34,51779.78,56216.92
1028,146,24.0,54894.58,53791.40,57698.69,52929.20,54948.68,54293.32,54321.29,56819.59,51814.46,57548.97
1029,147,24.0,51101.16,50746.00,53310.55,51248.77,50067.30,48175.18,52535.64,52243.88,47340.52,52098.97
1030,147,24.0,46632.65,48930.56,50987.21,48832.91,47711.84,48261.16,49986.52,47908.51,45755.40,49852.70
1031,147,24.0,54910.50,53030.44,58103.95,55835.23,54791.15,52950.91,56781.38,53450.21,50695.40,56218.68
1032,147,24.0,57039.21,53497.49,57372.28,56675.25,54574.45,51871.16,55989.71,53018.64,51276.58,55285.05
1033,147,24.0,57014.33,54679.18,57037.73,55124.51,55561.31,51770.78,55092.55,53799.54,53726.71,53422.79
1034,147,24.0,55724.16,53097.84,56550.16,56778.46,53398.63,52006.51,53972.94,54235.65,51777.14,54196.78
1035,147,24.0,54583.83,52736.64,55188.80,55900.76,53546.42,53713.47,53114.55,54827.05,52122.86,56344.14
1036,148,24.0,50141.83,50717.57,51923.28,50651.50,47703.00,50616.10,50727.48,48531.67,46984.86,50969.34
1037,148,24.0,48099.27,48305.81,50390.99,48290.13,46208.09,48584.92,48398.50,46856.26,46452.89,49243.29
1038,148,24.0,47951.40,48042.30,50278.97,49010.01,46023.65,48316.99,49215.47,46782.73,46581.23,49807.89
1039,148,24.0,56728.68,53521.68,57197.89,57059.98,53194.53,53500.94,53809.92,53265.92,51938.46,57711.94
1040,148,24.0,57530.50,53278.09,57520.29,55873.38,52386.02,52644.13,56283.21,55822.10,53709.76,57362.46
1041,148,24.0,57765.83,54549.54,60376.58,55375.39,53564.25,52647.28,54571.50,55953.90,54200.71,59325.37
1042,148,24.0,57868.36,52927.09,59598.26,54723.26,51506.48,52604.69,56025.34,56294.36,55307.19,58347.91
1043,149,24.0,52954.81,52198.33,53434.21,51096.28,49631.24,48452.41,52347.49,52685.43,52253.20,50646.42
1044,149,24.0,50010.40,49280.63,50977.19,48466.97,45843.41,48870.39,48157.50,50074.34,49400.41,50263.69
1045,149,24.0,56757.84,51834.41,57962.74,53066.24,50736.80,54643.12,53309.71,55038.04,54587.16,56619.78
1046,149,24.0,57995.84,53293.66,60212.65,55304.85,51194.30,54485.64,54139.42,55659.34,53443.64,56510.68
1047,149,24.0,58584.92,53331.53,60156.96,54275.24,51509.47,54263.85,54542.40,56500.28,54763.13,56749.85
1048,149,24.0,59083.45,52448.07,58220.13,53675.12,51248.81,54088.35,54665.70,56016.29,54244.94,55342.01
1049,149,24.0,58300.81,52306.72,56673.35,53636.85,52104.41,55000.44,56498.23,57049.43,53939.35,56155.07
1050,150,24.0,53462.41,49970.86,51338.26,51710.92,51166.75,52671.19,50966.88,52965.42,51155.05,54218.51
1051,150,24.0,50590.01,47603.52,49015.62,48894.18,48129.00,49346.98,48012.55,49740.97,46707.84,51496.11
1052,150,24.0,55867.68,51110.01,55045.89,54561.17,53419.79,53677.12,51916.87,54314.88,51357.09,53756.93
1053,150,24.0,55763.92,53423.68,56419.30,54446.11,53829.14,54041.26,53302.50,54886.10,52848.62,56353.48
1054,150,24.0,56408.60,53374.81,56730.49,54081.32,54040.03,53698.80,53966.53,55028.21,52054.12,56444.97
1055,150,24.0,55661.61,53301.74,56313.94,53847.84,53996.55,53782.23,53894.30,54159.53,51193.09,56174.43
1056,150,24.0,54081.70,50836.16,54079.12,51910.46,52032.38,53670.67,53430.35,51675.80,49739.46,56101.14
1057,151,24.0,49574.77,46243.11,49272.06,49409.91,46893.44,47921.71,48112.53,50091.93,49632.43,50421.14
1058,151,24.0,46497.42,43436.35,46731.04,45999.37,43561.19,46100.57,45086.40,46438.89,46410.69,47800.56
1059,151,24.0,51661.46,49239.38,52247.14,50367.29,48726.15,50232.79,50969.41,49758.19,51522.34,52647.15
1060,151,24.0,52153.62,49858.82,52122.40,51553.39,49360.01,50261.38,48490.14,49632.59,53208.35,52562.24
1061,151,24.0,53053.84,49773.80,52314.36,52599.65,49151.06,49685.67,50413.54,50330.49,52406.07,52622.17
1062,151,24.0,52159.45,49523.99,51678.01,53174.54,49369.07,50343.53,50253.76,50223.02,50978.91,53280.93
1063,151,24.0,51788.76,49083.57,52427.95,51667.29,48680.73,50221.41,50819.63,51130.31,51347.53,52495.90
1064,152,24.0,48176.64,44609.54,48694.98,48200.66,45937.39,45259.10,47803.59,47774.87,47907.69,48245.05
1065,152,24.0,45188.53,42533.99,45350.15,44367.57,44093.58,44027.38,45091.40,44709.91,45073.66,46326.27
1066,152,24.0,51000.22,46582.90,50708.44,49489.86,48910.39,47572.43,50503.54,48608.54,49455.35,52534.16
1067,152,24.0,52104.25,48762.96,52753.91,50171.88,49083.82,47873.31,50426.96,50150.11,51422.62,50831.43
1068,152,24.0,52650.45,47396.70,52286.81,50018.80,49092.76,48090.94,51200.07,49041.84,49752.11,51303.70
1069,152,24.0,52222.98,46899.40,51540.58,49458.90,48077.20,48417.63,50000.82,48850.19,49081.89,52140.02
1070,152,24.0,48962.67,44731.44,48805.90,46497.09,44377.53,45241.50,45578.49,45998.79,46454.01,48619.56
1071,153,24.0,50306.91,43517.19,47839.05,46962.81,45061.36,44449.32,46387.48,45858.21,46411.20,48911.07
1072,153,24.0,47656.62,42657.24,47195.66,46966.91,43907.35,44175.74,45747.78,42859.30,45161.65,48121.61
1073,153,24.0,53773.13,46252.41,53589.14,51682.75,47772.75,49944.40,50289.25,48748.34,49760.09,51773.56
1074,153,24.0,55298.79,48323.00,55036.30,52938.43,46808.58,51900.86,52532.03,49658.62,51684.48,54862.49
1075,153,24.0,53154.26,50516.00,53888.33,52092.29,47153.40,52444.74,53138.13,50602.69,50672.40,54851.05
1076,153,24.0,52171.33,49990.81,52802.81,53064.45,47400.90,52671.56,53138.56,47938.62,53385.64,54266.06
1077,153,24.0,54172.69,48695.89,54931.08,52302.54,48238.23,53341.30,52328.81,47719.14,53205.75,51937.51
1078,154,24.0,52387.53,47226.02,49797.56,49175.10,48995.21,48284.23,49916.12,51265.31,50056.98,50889.07
1079,154,24.0,49868.30,45664.16,47456.31,47085.18,45738.51,46948.68,48116.30,48375.76,48298.76,49043.72
1080,154,24.0,53503.59,49780.71,53881.02,52819.64,50348.50,53358.05,53070.08,51126.63,55000.09,56562.51
1081,154,24.0,55050.92,50934.05,56017.55,54355.94,51675.37,53512.62,55897.97,51586.70,53849.74,57259.41
1082,154,24.0,54722.38,52336.42,57128.34,52649.76,52825.65,55809.83,55232.86,52602.91,55547.06,56836.85
1083,154,24.0,55027.28,53178.40,56660.51,53548.49,51944.65,53253.54,55629.18,52818.23,55667.49,56770.87
1084,154,24.0,55279.37,52603.25,56449.13,53913.97,53083.09,53803.39,54300.34,52711.47,53767.91,57383.54
1085,155,24.0,53777.35,50957.43,51442.45,51269.47,49951.28,50831.63,50789.20,51641.06,52725.89,53227.34
1086,155,24.0,50279.90,47839.36,49398.97,48805.97,46966.58,49113.30,49779.44,48856.78,51134.23,49552.78
1087,155,24.0,55793.73,53746.54,57555.08,56084.93,55151.49,56654.41,56092.58,55550.93,58835.22,59129.00
1088,155,24.0,56340.96,54469.03,57596.85,56778.33,58326.92,56698.32,55631.37,54021.85,56996.85,60319.20
1089,155,24.0,56225.84,56385.35,57759.67,57336.36,58437.45,57043.12,55896.65,54000.37,57431.85,57115.30
1090,155,24.0,58911.18,55500.93,58896.21,57858.48,59535.28,56900.81,56754.08,56682.99,57299.82,58990.90
1091,155,24.0,58542.47,55717.51,58148.36,55525.43,58838.85,55316.95,58322.78,56733.79,59592.43,58014.87
1092,156,24.0,56633.98,53178.00,54312.36,53009.82,55444.45,55236.52,52234.62,53634.03,56001.47,53466.34
1093,156,24.0,53329.64,50430.97,51900.75,50190.09,52632.19,52235.09,49738.86,49978.60,52462.26,52393.86
1094,156,24.0,59276.25,57195.15,59307.13,58774.01,57702.78,57293.29,57275.59,56396.43,57868.36,57784.70
1095,156,24.0,60699.06,57260.72,59999.74,57239.87,57890.53,57270.39,58839.37,58519.49,59047.90,56989.10
1096,156,24.0,60221.04,56064.77,59674.01,57791.00,56661.31,57319.46,59935.31,59687.23,58919.17,59160.61
1097,156,24.0,60769.57,55206.93,60409.26,56834.37,56297.26,56783.51,56705.88,59049.87,59113.63,57979.94
1098,156,24.0,60556.57,56631.81,60170.49,56975.57,58107.96,59269.74,58045.46,56695.24,57418.44,59753.74
1099,157,24.0,56435.39,54156.96,55439.19,54324.53,53666.86,56621.13,52114.68,51314.07,56339.76,53500.09
1100,157,24.0,52440.07,51039.59,51907.50,52120.62,50732.91,53575.55,50618.46,49198.50,52792.70,51448.74
1101,157,24.0,59151.07,57617.90,57066.28,56540.67,58426.09,58464.27,54568.55,55512.43,58903.21,57220.19
1102,157,24.0,60215.79,57746.23,57760.40,56501.13,59260.85,59669.44,56772.99,57474.52,58606.60,59305.39
1103,157,24.0,61395.04,57334.52,57131.39,56823.27,59331.43,59710.05,59808.13,56477.42,59070.27,57539.50
1104,157,24.0,60041.53,57554.27,58804.36,57882.84,59110.48,59900.69,59889.97,56191.93,58853.83,60573.95
1105,157,24.0,59996.18,57639.82,58520.91,57279.15,58666.80,59884.98,58118.86,56527.37,57350.43,59948.44
1106,158,24.0,56538.82,54689.16,56008.43,53217.37,53832.82,57418.66,55932.79,49855.95,53932.80,54403.90
1107,158,24.0,52799.84,49492.78,53731.76,50397.82,50929.37,53866.22,52876.19,49635.69,51242.40,51962.17
1108,158,24.0,58263.20,56852.43,60867.26,55882.09,58202.84,59419.53,59409.04,55902.06,59057.06,54336.23
1109,158,24.0,57943.45,56763.88,62460.30,56343.14,59552.57,60923.46,59330.19,58414.02,58128.62,57291.77
1110,158,24.0,59313.72,56762.33,63261.87,55526.43,59394.25,59911.86,59595.99,60167.33,57077.52,58022.53
1111,158,24.0,60931.24,57350.14,61657.41,55941.21,59992.37,58698.28,58129.25,58080.05,56473.65,57389.19
1112,158,24.0,60662.77,56946.01,61226.05,56382.46,60610.12,57399.38,57900.76,58868.03,57340.21,56140.75
1113,159,24.0,53364.22,54981.16,57065.70,51170.23,56962.46,51754.28,52603.06,52026.46,53275.58,47825.35
1114,159,24.0,49091.80,51659.52,54809.44,49273.57,53346.14,47509.13,51336.15,51568.74,48655.83,46449.19
1115,159,24.0,58106.77,53702.35,60457.38,55850.13,55394.07,56692.27,56939.80,57151.64,55994.00,55394.13
1116,159,24.0,59420.04,54919.57,61431.15,54592.14,57529.45,58416.39,60371.06,58343.97,56330.42,56876.44
1117,159,24.0,62562.59,58349.90,61993.54,59385.39,53833.44,60399.48,62420.25,57797.28,59095.70,56521.70
1118,159,24.0,59911.79,56648.24,61824.84,58295.99,57781.18,58906.48,62655.71,55940.30,58458.44,56657.32
1119,159,24.0,61261.79,59354.63,61441.08,58928.42,56336.23,59245.52,62303.73,57846.97,59528.89,58740.04
1120,160,24.0,58333.58,55806.08,57390.82,58939.85,51143.20,58703.50,55289.79,52322.86,56807.05,56189.00
1121,160,24.0,55458.53,54586.19,55915.07,56693.90,49384.81,54046.08,52308.88,51833.81,53620.64,54081.13
1122,160,24.0,63365.43,62094.04,63073.17,61531.80,57346.18,60620.07,59781.17,58145.80,60750.38,59575.48
1123,160,24.0,63085.67,62952.33,62969.38,61342.81,58564.62,59863.27,60190.24,58747.86,61967.59,60320.78
1124,160,24.0,63297.07,62815.12,64509.52,59555.96,59290.02,58918.22,59784.86,59430.10,59764.97,61821.65
1125,160,24.0,62116.77,62143.19,63329.74,59098.11,58442.96,58916.64,61970.94,57074.07,62551.26,63871.58
1126,160,24.0,64563.40,61792.06,65187.22,58201.94,59966.24,60142.07,61794.55,59585.58,62977.99,61893.49
1127,161,24.0,57417.06,57642.89,59082.69,57060.51,55893.14,54340.66,58015.54,53556.15,58447.75,56558.18
1128,161,24.0,54403.73,55346.42,56867.93,54833.55,52574.59,52257.97,55191.79,52110.22,55325.86,54551.05
1129,161,24.0,61718.25,63122.44,64121.62,62581.47,59896.24,59613.62,60960.64,60494.87,62358.83,63234.89
1130,161,24.0,62539.76,61708.92,63265.04,61000.38,58253.38,60619.87,62499.58,62299.56,63067.19,62935.79
1131,161,24.0,62501.20,61158.18,65959.58,61505.67,60558.35,62091.53,62580.70,62729.81,62538.91,65265.20
1132,161,24.0,62865.46,62032.76,66136.89,62682.61,57469.26,61104.14,65251.95,60523.69,63468.67,62006.28
1133,161,24.0,63240.46,61035.25,67564.35,65625.94,60333.31,59899.18,62995.59,63928.18,63926.65,66420.16
1134,162,24.0,59164.70,56818.23,59819.92,61227.04,58969.69,56852.01,59165.50,55773.84,59119.17,60740.61
1135,162,24.0,57257.58,54395.84,57426.21,57963.45,55254.62,54526.66,57729.98,54940.43,56842.37,57763.01
1136,162,24.0,65150.32,61890.99,66666.40,62456.19,61510.36,64319.26,66882.32,61470.85,65711.91,65634.62
1137,162,24.0,65197.07,62707.81,66333.81,58532.46,59652.30,68424.66,68077.91,61942.63,66336.23,67261.89
1138,162,24.0,62127.22,63846.05,64766.65,61883.38,59898.21,70644.06,69574.03,61912.04,66170.38,66904.69
1139,162,24.0,65647.22,64665.46,68706.89,64830.88,57892.64,72115.85,66840.33,60339.82,64764.27,66283.00
1140,162,24.0,61961.10,62853.50,64979.88,65810.25,60524.54,68652.64,67631.65,63551.70,66018.27,66114.33
1141,163,24.0,60607.84,59532.27,61452.97,61921.42,55846.63,67832.55,63683.78,53913.84,61895.68,61222.66
1142,163,24.0,57013.51,56473.58,59202.85,60107.36,55330.13,64149.81,61132.33,52748.16,60525.51,58908.51
1143,163,24.0,60942.12,63598.36,67167.19,67426.23,65051.38,64517.84,67077.73,59796.62,67371.97,67215.72
1144,163,24.0,62975.54,64788.08,66980.30,68221.12,65289.56,65056.41,67536.84,60429.27,67391.61,63503.85
1145,163,24.0,63738.26,65057.33,66975.09,69612.93,61991.13,63796.48,62723.78,58831.75,66835.14,66105.18
1146,163,24.0,60837.19,66546.56,68138.04,66627.50,67696.66,63588.69,61284.95,60307.49,66473.45,62881.78
1147,163,24.0,61794.47,65585.71,68332.71,65403.88,65458.77,66517.96,65003.48,61066.29,67579.14,61485.47
1148,164,24.0,55838.40,59644.79,56720.85,61672.28,62101.84,57009.49,65885.50,55146.19,61230.14,52949.51
1149,164,24.0,56446.00,60909.45,58177.41,61456.80,62248.87,58422.55,66037.29,56766.29,63110.90,52513.13
1150,164,24.0,64366.81,70324.28,68299.64,67509.18,65128.89,68832.65,70128.58,62789.09,69877.77,61955.51
1151,164,24.0,66822.66,71101.22,68696.42,70297.13,63531.92,69242.58,68785.80,62755.47,70879.13,62483.11
1152,164,24.0,68711.48,70395.70,70878.88,69132.96,61489.65,69236.93,69767.85,62872.06,66867.65,64324.71
1153,164,24.0,64807.95,71435.15,71353.53,66129.43,63585.28,72388.64,68343.79,63724.97,63803.45,68312.24
1154,164,24.0,68375.35,70489.72,66486.10,66640.25,61286.00,72846.07,72492.91,63863.14,67222.43,67449.19
1155,165,24.0,62258.65,62930.01,63017.35,62374.86,56123.42,69374.57,65463.06,54584.03,59688.77,60483.27
1156,165,24.0,58010.51,59327.95,58969.28,59931.82,50876.20,67783.00,61384.24,53428.17,56784.25,59939.66
1157,165,24.0,59483.75,59455.28,61915.75,62901.79,54552.27,71322.02,64401.70,52926.24,59675.58,63648.65
1158,165,24.0,57748.43,58168.57,61429.49,61353.16,52756.87,68965.24,62000.10,54271.49,59866.95,63378.95
1159,165,24.0,63989.49,65249.03,71653.73,65128.95,59987.30,69412.06,70616.32,64739.41,68994.92,67896.32
1160,165,24.0,63604.07,65768.99,72499.71,66546.47,60565.64,67676.91,72331.10,62720.38,70335.96,68532.51
1161,165,24.0,64564.23,62928.02,68805.07,71026.73,63233.98,68772.64,68130.78,67539.60,68163.27,68530.33
1162,166,24.0,63892.05,59180.22,66464.04,67515.65,60855.79,62984.43,63060.24,62623.24,68099.61,63556.23
1163,166,24.0,61484.34,58316.63,65661.31,66169.17,56125.35,61669.38,59600.57,60457.61,64666.80,60662.69
1164,166,24.0,70358.98,67647.43,74722.98,73763.86,64834.05,70235.85,65587.16,66193.13,69231.66,70140.49
1165,166,24.0,72094.33,68369.09,76582.19,75263.05,65451.38,71055.69,65516.24,65897.08,70435.72,71137.60
1166,166,24.0,74475.21,67746.60,76379.27,75952.67,66288.16,71555.94,66299.24,67182.76,71748.61,72849.25
1167,166,24.0,70874.09,66109.91,77988.02,76826.45,66087.63,70763.77,67501.16,68755.41,69331.59,71874.85
1168,166,24.0,73307.13,65778.09,78518.68,79940.56,65429.30,68065.62,68336.52,70529.40,72186.05,74666.74
1169,167,24.0,68592.10,61253.16,72989.40,77100.45,62928.01,63346.05,63508.15,62695.71,65234.28,67555.62
1170,167,24.0,69645.14,61814.37,72582.96,74735.47,61755.48,61088.64,61889.90,60444.55,61442.19,64242.25
1171,167,24.0,76068.51,71037.51,78600.52,73016.06,70083.44,69501.30,71094.65,70280.67,68057.71,70390.54
1172,167,24.0,71257.35,72448.81,76129.84,71501.02,66904.35,69306.34,75332.47,68859.13,68581.00,70221.48
1173,167,24.0,75947.68,71379.16,78362.11,73501.09,71210.30,71897.96,76964.28,72036.24,69507.12,71501.13
1174,167,24.0,76605.04,73078.86,77531.54,74764.18,69445.76,72920.70,76770.27,70531.35,70279.39,71780.28
1175,167,24.0,74020.75,71971.88,76127.44,74006.35,68233.79,74288.97,76034.83,72329.82,70447.45,72578.60
1176,168,24.0,71004.32,68343.21,70167.43,69551.87,65319.22,69129.56,68583.32,65628.13,61635.86,66643.41
1177,168,24.0,68824.94,67572.25,66925.61,65761.62,62451.33,69233.46,65696.77,63890.94,60250.68,63873.68
1178,168,24.0,67848.86,68383.69,75492.62,74060.52,70383.15,79505.05,74352.12,70803.33,69633.14,73109.21
1179,168,24.0,68643.16,69574.18,78150.13,75181.30,70299.81,79222.29,77271.06,70868.47,71148.52,76476.50
1180,168,24.0,65702.53,71994.03,78457.37,76417.59,70811.82,81649.57,76211.12,70148.39,70150.22,77394.96
1181,168,24.0,66022.26,72717.45,76023.04,79404.69,71675.69,82110.11,73084.24,71684.65,71255.09,73786.09
1182,168,24.0,67910.48,70720.07,74063.46,80031.01,73407.33,79373.00,76050.66,72559.01,70465.18,70193.72
1183,169,24.0,59883.19,68614.41,69349.91,79141.37,67228.50,74618.71,70909.51,68119.31,65836.49,63939.71
1184,169,24.0,59530.25,62895.68,67307.87,78694.15,67420.04,70754.15,68517.79,68715.87,64868.38,62256.39
1185,169,24.0,67533.53,67830.55,76172.53,81644.05,74082.17,79054.66,74908.22,76672.15,71813.44,73141.23
1186,169,24.0,68582.66,66940.38,73161.63,81310.44,75062.44,78752.29,73115.16,77004.85,70191.18,73697.82
1187,169,24.0,69255.55,68433.00,75987.70,81807.18,72099.92,74461.06,72422.80,77225.57,73770.81,73842.02
1188,169,24.0,64570.78,65401.10,77008.47,80014.70,73310.43,77667.20,74090.85,78884.07,71609.47,73654.26
1189,169,24.0,67154.78,66551.07,76461.80,79308.10,71136.66,80332.75,73887.82,74268.26,70849.97,73739.97
1190,170,24.0,60318.35,60880.84,70089.61,74056.15,68704.61,73373.74,67962.58,72617.30,65491.72,69164.91
1191,170,24.0,60331.86,60915.46,68298.24,72830.32,65661.09,67822.87,65323.28,70381.08,63180.34,66958.41
1192,170,24.0,67663.60,67677.53,76034.59,73746.60,70955.79,74753.94,73762.17,79391.01,72164.91,75479.74
1193,170,24.0,67791.08,67859.12,76117.98,73621.85,72991.69,75744.51,74323.52,78354.35,75632.67,77277.60
1194,170,24.0,66019.13,68213.86,77493.32,75409.75,73782.51,76179.01,74488.04,82993.88,77403.25,77498.55
1195,170,24.0,70784.29,69379.06,75118.81,75585.68,74932.32,76134.36,76450.79,84045.88,77189.34,76933.38
1196,170,24.0,69297.82,71483.42,79160.47,75962.27,74149.33,75896.19,73538.50,84745.40,76499.85,77324.94
1197,171,24.0,68182.97,68102.41,71121.20,70081.89,74592.89,73541.92,70215.34,79704.85,76995.45,72374.50
1198,171,24.0,66166.60,64304.44,66404.56,66935.40,71433.42,72516.77,69403.21,77254.35,74729.85,67558.26
1199,171,24.0,70818.08,71833.44,72443.17,75022.87,71224.69,76528.41,76976.25,81749.15,76392.47,74841.83
1200,171,24.0,72299.42,72565.71,76241.78,76936.75,71170.06,77314.95,75353.60,78355.09,77773.81,73893.52
1201,171,24.0,71549.49,71641.99,71737.11,75073.38,71229.37,73398.11,71817.53,80698.07,72676.61,71851.16
1202,171,24.0,68622.78,67854.75,65168.31,68817.12,66910.25,69120.72,73324.28,75899.88,63822.72,66018.69
1203,171,24.0,70180.64,72916.52,69576.24,68418.60,67895.15,74799.91,78638.77,75825.31,65819.64,69011.55
1204,172,24.0,65728.62,72962.72,67402.08,65709.81,66549.43,75111.49,75311.64,76149.91,62883.35,65008.64
1205,172,24.0,63324.44,68649.48,69914.06,64602.23,64549.20,75506.20,72987.59,74509.27,61685.95,62364.59
1206,172,24.0,69201.85,68528.75,77132.77,70713.70,66915.18,80688.03,77167.36,81269.75,66488.97,69804.31
1207,172,24.0,67815.87,69547.13,76906.97,72981.56,62875.17,80666.02,75305.86,82276.19,66882.38,69456.17
1208,172,24.0,69756.86,66532.23,74589.61,72267.98,58707.00,78488.11,72950.95,80976.25,65116.76,66989.48
1209,172,24.0,63091.04,55457.28,69180.22,65382.77,59420.93,74241.84,67641.54,75244.56,65554.02,61975.12
1210,172,24.0,64790.16,62431.84,72103.66,65707.65,64791.05,79295.95,68293.97,74153.42,72104.12,66598.52
1211,173,24.0,63854.87,61381.72,72201.83,64601.11,69061.52,83309.73,70433.73,74791.30,72675.14,64951.62
1212,173,24.0,64676.78,64081.14,69366.92,64143.21,67702.42,82124.47,69019.77,69888.77,71739.61,63629.05
1213,173,24.0,71782.59,72080.07,75427.68,73886.42,71671.62,87462.00,75924.50,74263.05,79687.44,75395.98
1214,173,24.0,71036.16,69654.01,75491.18,75049.53,74173.26,88042.70,75218.41,76860.62,81181.01,79263.22
1215,173,24.0,69261.83,67731.67,75141.70,75801.45,78695.00,86135.16,74098.92,75200.33,79840.30,76663.07
1216,173,24.0,69801.32,69052.58,78252.63,75877.58,74250.56,83959.42,75303.29,77218.88,78364.97,74662.26
1217,173,24.0,69818.78,68975.64,79122.90,76635.93,74450.19,85273.49,80019.75,76773.71,82773.73,76838.42
1218,174,24.0,66217.72,62891.50,72125.03,72350.52,73190.06,81643.08,74675.73,72945.25,77786.66,72094.53
1219,174,24.0,65384.51,60343.98,69526.28,67973.26,74440.53,80918.87,72032.79,70202.49,76491.28,67938.03
1220,174,24.0,73396.11,65795.45,77619.26,76507.59,76217.08,85925.73,77694.33,76603.36,80122.87,76642.41
1221,174,24.0,76534.05,68291.15,74571.47,78321.96,74319.09,84818.42,80946.91,73646.22,81125.63,76568.21
1222,174,24.0,78411.87,70956.61,76455.47,77516.79,71174.59,84804.39,84219.99,75100.14,81364.51,79073.67
1223,174,24.0,78695.80,72066.86,75348.76,80603.87,70271.20,85129.16,85418.60,76690.34,80604.13,74376.50
1224,174,24.0,75449.29,70436.18,74635.81,80295.43,68424.21,84238.00,83493.84,75776.72,80723.59,72115.08
1225,175,24.0,74577.92,69704.23,71988.67,71667.87,67298.89,77266.26,79339.05,70897.96,78998.00,67773.95
1226,175,24.0,73682.50,67393.57,68909.66,66189.05,64505.09,73583.23,75640.19,66163.41,76373.85,64233.53
1227,175,24.0,77920.24,75096.61,76370.26,75526.03,68585.74,83031.59,77696.69,77158.66,78976.78,69687.65
1228,175,24.0,78090.53,75706.31,76985.49,78951.54,68291.04,83105.89,78066.98,77333.34,79760.43,70721.49
1229,175,24.0,74357.61,74073.38,75369.79,77780.28,70215.88,84188.03,78575.64,78043.11,76292.33,73961.29
1230,175,24.0,73008.03,74894.26,75549.08,74990.91,70421.32,81309.55,79767.02,78309.02,74414.04,74106.78
1231,175,24.0,72313.76,77118.17,75644.11,75179.42,71560.62,79804.70,76206.84,78801.51,77895.67,73457.67
1232,176,24.0,68205.73,76339.91,72658.57,71352.65,70564.53,73080.95,72028.66,79466.23,75986.71,66950.70
1233,176,24.0,65847.40,71813.23,70342.92,67738.60,67665.19,72766.54,70325.94,76743.19,75748.96,64779.34
1234,176,24.0,70336.03,75642.24,76599.16,77716.30,73071.36,74845.15,72953.77,77059.57,80200.19,71177.68
1235,176,24.0,72041.82,76901.35,80059.10,75829.45,77077.30,73233.36,73380.36,74962.06,79696.34,70878.44
1236,176,24.0,70549.15,76508.34,79401.73,75128.25,77663.79,74721.44,75602.51,74936.66,81190.36,71672.35
1237,176,24.0,71067.72,73687.36,77307.29,75955.59,71696.58,75406.07,74730.25,73662.78,76963.80,72852.37
1238,176,24.0,73048.84,75186.36,76101.42,76362.94,76454.87,76325.44,74486.15,75311.20,81316.23,74089.72
1239,177,24.0,65922.29,71018.85,74447.86,70166.55,77141.72,70970.98,69893.13,71332.60,74634.95,68309.39
1240,177,24.0,65281.56,67021.06,73257.47,70262.24,75184.41,68394.30,65119.42,64313.50,64987.02,67569.96
1241,177,24.0,71860.91,67414.87,74572.14,75968.84,80199.14,74808.48,71685.08,71775.74,74316.09,74176.14
1242,177,24.0,71738.94,67097.27,74754.60,80867.15,79394.67,74600.34,69853.44,73818.82,77726.10,72424.91
1243,177,24.0,73857.90,67722.02,74959.76,81096.05,79227.51,75473.22,75147.77,72945.41,78772.23,74628.13
1244,177,24.0,74446.48,67303.79,72105.92,77545.40,80994.88,75292.63,73181.39,73660.72,76841.06,74097.35
1245,177,24.0,75439.43,66953.15,69380.46,74817.75,79593.98,74628.59,70977.92,76537.65,74608.12,72988.10
1246,178,24.0,72179.52,65638.70,67361.26,69041.98,79399.44,68903.30,64606.68,70796.20,69113.80,70371.24
1247,178,24.0,69384.40,65092.15,65038.69,65930.82,78435.27,65195.72,61517.70,68096.78,65622.41,65584.47
1248,178,24.0,71446.77,69782.61,73954.66,74464.83,82301.14,70318.85,68475.42,72440.73,75770.66,71159.25
1249,178,24.0,73012.14,67062.51,73658.05,78483.73,82421.58,74246.65,72519.46,74484.29,76462.68,72881.05
1250,178,24.0,76550.49,66253.51,74025.33,74465.53,81533.51,72250.09,73082.66,76817.46,79298.24,73299.72
1251,178,24.0,77345.31,66958.27,73970.00,74342.69,79664.70,72744.95,71878.60,73672.45,80416.95,73198.79
1252,178,24.0,77713.12,65598.70,77214.34,78033.14,80727.78,69719.46,71251.49,77347.15,83043.89,70400.60
1253,179,24.0,70673.10,58926.34,72110.25,72385.75,80902.83,67492.61,62777.25,71976.20,79393.58,68454.77
1254,179,24.0,66390.62,58292.63,69619.14,69654.14,78430.38,65315.33,58987.67,69715.56,78976.91,67116.59
1255,179,24.0,71304.49,65418.59,73131.14,78610.44,80447.68,66374.39,64610.71,73332.87,78585.25,70005.93
1256,179,24.0,66586.28,65700.65,74626.21,81329.08,79234.53,69217.72,69729.48,73986.83,81200.85,71074.41
1257,179,24.0,68579.43,67607.36,71529.25,80874.40,77912.30,66577.92,65689.83,70244.51,79813.75,72017.06
1258,179,24.0,71778.01,70628.13,74881.88,78872.91,77020.58,69453.04,68872.17,72692.88,79485.83,70966.69
1259,179,24.0,68854.23,69528.69,74000.22,76364.17,76621.37,71273.69,68830.54,73548.52,80698.75,70033.26
1260,180,24.0,70849.35,64387.74,67592.77,68808.95,68506.68,65928.60,61230.55,69784.84,73653.10,62691.62
1261,180,24.0,68047.18,61061.11,62618.69,65157.97,65747.53,61625.96,60032.19,69990.40,70511.19,62236.60
1262,180,24.0,68225.25,61371.74,72122.87,68773.51,70393.74,67322.45,64336.84,68739.58,75136.10,68487.36
1263,180,24.0,69530.84,59957.39,73816.36,70410.57,69193.15,69473.68,64883.29,68763.19,74824.69,65109.45
1264,180,24.0,68890.97,61643.03,73550.67,69913.83,69508.61,72017.78,64024.16,69965.66,73962.00,64202.31
1265,180,24.0,68387.42,61283.25,71284.93,69499.06,69412.19,72022.71,65489.49,67606.43,74423.54,64743.29
1266,180,24.0,69671.46,63572.57,73433.59,66927.45,70401.25,71976.82,66802.76,70652.44,76435.51,64738.79
1267,181,24.0,69212.34,58360.29,70382.88,60374.09,64688.51,68910.28,61238.03,67136.73,73999.99,64482.11
1268,181,24.0,67587.26,53732.28,65860.37,56679.42,64114.26,65751.68,59399.19,65222.08,74402.09,64598.66
1269,181,24.0,71641.32,63017.46,74041.71,64427.89,71240.57,69758.88,65574.39,66233.75,77127.23,70023.91
1270,181,24.0,69554.52,66863.27,74960.74,66103.76,73552.41,68699.37,65565.41,67187.65,77575.49,72010.70
1271,181,24.0,73584.79,65871.19,73277.39,66236.03,73488.58,67730.46,66458.09,66589.83,73545.33,72334.20
1272,181,24.0,75130.42,65945.46,73577.93,64715.78,71935.49,68871.89,68836.10,66409.86,71621.10,69835.13
1273,181,24.0,74525.72,66566.63,72858.35,65944.63,72881.38,70822.06,65778.93,64724.39,75688.94,72013.45
1274,182,24.0,71770.20,62202.49,65948.64,61640.54,71033.80,68448.75,61792.52,61477.07,72469.86,67043.64
1275,182,24.0,71282.27,61340.74,63040.46,59563.77,67117.92,64187.64,58485.70,58363.90,68058.37,62952.24
1276,182,24.0,72461.08,64312.38,69907.64,66793.19,71779.73,69455.99,67462.54,67328.89,72985.31,66431.47
1277,182,24.0,71969.98,65574.16,70458.71,66956.27,71427.19,70808.92,69345.15,69149.04,72528.22,67941.18
1278,182,24.0,71350.33,64202.60,72064.97,70443.81,72007.46,71535.73,70621.17,69027.65,70961.90,69488.88
1279,182,24.0,71239.97,67773.79,72186.57,67913.82,70223.04,70135.30,67830.96,70179.68,70551.10,68688.17
1280,182,24.0,70696.92,67227.29,73189.74,68720.32,70896.94,72088.56,69366.00,69865.83,71699.11,71080.75
1281,183,24.0,70430.09,63131.23,66984.95,61278.40,66577.16,67980.97,62956.47,64761.78,65716.93,65510.42
1282,183,24.0,66803.85,58149.98,65101.61,58469.21,63841.55,66691.14,58835.54,62973.11,63773.17,62038.25
1283,183,24.0,71254.27,63117.28,74350.18,58715.02,67058.77,69186.00,66595.85,61802.98,65629.51,68097.26
1284,183,24.0,67871.07,60041.45,74720.61,59499.30,67641.09,70162.44,65329.99,61915.01,67820.73,67822.32
1285,183,24.0,71589.45,61247.80,76178.28,61437.70,66995.48,69675.51,66653.96,62968.84,65989.80,67889.63
1286,183,24.0,68124.87,60639.73,75424.79,63315.18,65820.58,67972.71,69706.53,63344.08,65148.73,66887.77
1287,183,24.0,71863.89,61499.31,74487.50,63128.95,67339.85,68815.54,68269.48,67164.05,63930.96,70880.22
1288,184,24.0,67786.01,56882.14,67669.01,63004.50,62188.26,66966.93,64833.91,67474.12,57900.44,66516.17
1289,184,24.0,64796.53,53645.57,62275.00,59886.02,58763.23,64186.68,65170.62,67876.21,51252.90,61839.38
1290,184,24.0,71851.99,59812.40,67867.76,64757.84,62387.65,66375.05,67742.49,72330.35,59455.60,71065.73
1291,184,24.0,72850.59,60143.43,67482.67,64179.18,61890.46,65146.16,63460.99,72894.90,60188.39,70888.44
1292,184,24.0,72061.43,59152.42,69827.65,64759.35,65233.29,65328.52,64387.23,71375.75,62530.88,74348.24
1293,184,24.0,73586.91,59052.57,69947.28,59914.98,62868.61,66291.66,61287.72,71081.27,60571.70,74653.46
1294,184,24.0,75490.59,58558.20,69097.40,63582.69,63739.26,66260.66,63207.42,71519.82,61854.79,74938.37
1295,185,24.0,68634.77,53018.52,61241.96,60181.48,55625.41,61589.21,58377.20,66560.08,53565.50,66774.88
1296,185,24.0,66299.49,52654.97,57822.80,57181.00,53335.66,59538.56,56756.60,64865.27,51080.28,62966.57
1297,185,24.0,68506.40,58212.02,65258.96,57997.89,59810.12,60596.69,59499.64,65692.69,56035.56,73249.00
1298,185,24.0,65500.11,60463.23,69694.76,57183.04,61973.55,61420.40,59492.48,62933.41,58540.08,71481.28
1299,185,24.0,63782.92,59757.23,69728.63,55374.10,58930.50,61424.54,59078.48,64683.95,62801.40,68648.73
1300,185,24.0,64685.41,61883.41,69651.19,55026.45,58818.68,61726.80,59415.19,65179.78,61079.37,68283.53
1301,185,24.0,61785.95,62417.43,68205.26,60069.20,59940.28,61897.93,59593.62,64853.80,61493.32,65726.09
1302,186,24.0,59277.17,55113.94,61867.49,57525.76,59929.32,60973.23,54361.81,60625.12,58188.57,60569.75
1303,186,24.0,57907.10,54267.20,60362.55,54541.31,56833.00,59318.74,52670.93,58748.85,58337.39,57621.27
1304,186,24.0,60892.30,58286.18,61892.28,58649.28,60226.50,64509.25,60368.01,59024.78,61958.08,65397.86
1305,186,24.0,60021.77,57823.80,61492.36,60209.27,56498.94,62414.10,61443.26,58763.80,62113.46,63977.52
1306,186,24.0,59953.62,59792.67,61366.58,60243.85,57764.89,64778.97,61848.68,58832.56,60688.38,67402.69
1307,186,24.0,59926.00,54898.62,65737.10,60108.85,56800.74,64809.19,60983.16,58808.99,60049.76,67150.86
1308,186,24.0,57288.28,55263.57,61795.88,59612.28,55939.12,65166.45,59355.64,60022.33,59504.14,66567.96
1309,187,24.0,56068.18,52539.28,58930.00,57567.37,50358.67,59661.98,57234.53,54712.74,59132.45,60398.25
1310,187,24.0,54783.75,50584.59,55491.88,54460.66,48873.67,55877.52,52427.48,51742.50,57658.39,54014.69
1311,187,24.0,53749.78,49341.21,52677.97,53712.47,50161.57,56467.44,52717.46,50552.54,57297.69,54908.79
1312,187,24.0,58024.68,53869.68,58206.74,55150.64,55583.81,63818.10,57256.82,59728.02,59756.80,58677.90
1313,187,24.0,57908.80,54241.85,59571.86,57588.33,55600.58,63288.99,56239.68,58382.78,59455.46,59713.04
1314,187,24.0,58033.71,55385.93,58880.86,58547.67,55571.57,63766.62,56867.26,58971.93,59837.62,62092.43
1315,187,24.0,56727.57,54280.62,58435.85,57558.37,55698.47,63930.17,57997.51,58253.31,57413.44,61004.80
1316,188,24.0,54691.13,53283.09,53237.93,53107.33,50738.41,59395.98,58439.89,53495.44,55438.24,53883.26
1317,188,24.0,48774.39,49852.29,50578.82,49796.34,46431.23,59592.53,53974.79,52271.69,51372.96,52666.31
1318,188,24.0,55068.18,52766.64,54844.46,56498.75,52852.32,63729.41,57887.00,58652.41,57633.84,57559.12
1319,188,24.0,55102.35,53432.21,55058.63,54215.32,52226.64,65354.41,58752.08,62243.21,57822.84,55732.11
1320,188,24.0,55204.07,52712.95,55050.25,54520.68,51436.87,63591.92,58310.50,61499.65,58348.10,58826.37
1321,188,24.0,56824.38,53259.09,54086.60,56156.02,51978.90,61905.38,59675.54,62310.87,59050.78,58722.42
1322,188,24.0,57300.92,51754.73,55878.40,55906.02,53430.56,63349.91,59413.56,60553.33,58275.77,58855.98
1323,189,24.0,53602.93,51314.22,54567.33,53785.17,46829.32,62559.28,55637.15,59404.55,55932.16,53543.66
1324,189,24.0,50487.07,47938.41,52063.48,51414.00,43842.80,61523.06,52375.62,57326.56,52578.91,51911.90
1325,189,24.0,58331.86,50761.06,58173.49,59718.44,50930.22,62279.03,54674.30,59956.24,57394.97,59232.47
1326,189,24.0,59236.57,50966.47,57294.74,60624.45,50935.75,59303.54,56158.63,60293.00,57164.96,60952.08
1327,189,24.0,57521.64,49798.72,56622.02,60436.47,51718.86,62175.70,53922.61,61317.85,57422.52,58371.44
1328,189,24.0,57662.12,48866.43,59729.40,61747.22,52673.85,60362.27,51877.19,59751.19,56849.19,59422.23
1329,189,24.0,47476.83,42956.65,55838.07,49757.32,46345.70,48614.60,49104.87,51716.20,55177.49,50282.90
1330,190,24.0,47322.67,44863.16,58221.41,47303.90,50786.99,49265.81,48085.64,54391.76,55707.00,50046.99
1331,190,24.0,47568.99,44334.82,55793.51,47584.54,49043.81,48735.27,49687.04,51120.66,54817.84,49040.59
1332,190,24.0,55540.51,50601.71,61280.65,56338.80,53095.91,56684.94,55896.56,55006.52,57840.32,54937.31
1333,190,24.0,55829.86,51683.31,62387.66,57698.42,54186.15,57490.83,57539.94,54984.00,57327.71,54911.32
1334,190,24.0,56626.17,51339.47,62489.69,57298.56,54152.52,57011.46,58461.20,56849.80,57054.61,54933.31
1335,190,24.0,56273.75,51017.74,61727.63,55870.81,53464.38,56316.31,59369.54,55202.70,56344.18,55490.17
1336,190,24.0,49890.48,46642.17,57642.64,52986.41,47897.93,50360.40,55409.10,47818.55,53420.58,50164.59
1337,191,24.0,47738.29,44265.61,55605.58,50291.99,48026.53,48809.53,56657.62,47416.56,52844.15,48932.69
1338,191,24.0,46275.24,44683.54,56884.50,50067.05,47445.73,48269.64,53439.23,45628.72,51532.34,47702.80
1339,191,24.0,54185.85,49781.00,58750.06,58428.82,52782.50,55907.45,56251.91,55692.65,53588.34,54607.11
1340,191,24.0,54857.95,51308.22,60463.74,57787.61,54954.28,55710.61,56333.30,55648.41,55033.80,57053.26
1341,191,24.0,54445.96,51899.63,60491.31,59207.08,54937.62,56407.28,56341.29,55464.98,55621.45,57943.89
1342,191,24.0,55117.00,51907.00,58304.10,58774.26,52898.53,54792.46,55623.18,54285.69,53510.83,58269.10
1343,191,24.0,56728.95,51909.66,58704.16,57206.94,51501.17,54245.52,55355.86,53402.92,53782.82,57067.35
1344,192,24.0,50832.80,41713.22,52276.70,50211.81,47029.15,48512.93,53022.01,48018.60,51682.62,52143.78
1345,192,24.0,48638.56,40219.06,49241.84,46944.29,46913.74,46631.16,53081.59,46136.35,48829.09,48961.50
1346,192,24.0,56914.78,42810.46,57322.29,53008.16,52277.09,54055.80,56724.86,54135.89,56202.82,56282.65
1347,192,24.0,55269.28,44318.90,54752.76,53221.55,52099.02,54604.61,56550.45,54653.30,55577.38,57279.55
1348,192,24.0,56957.46,44000.55,56516.49,54145.98,52052.77,54074.17,54279.39,54000.47,53444.89,57898.64
1349,192,24.0,49605.99,39305.74,49215.14,49396.41,47132.05,47159.44,47751.16,47611.80,47605.65,50028.02
1350,192,24.0,50964.14,39656.69,51221.32,49347.06,48295.33,49799.10,48311.19,49900.36,49161.56,51855.55
1351,193,24.0,51075.67,39164.97,50926.70,49853.82,48156.68,50904.18,48189.65,48896.94,49651.38,51174.60
1352,193,24.0,48162.85,39119.91,48700.65,46728.86,45993.24,48276.80,46212.81,45449.73,47458.37,49004.56
1353,193,24.0,56397.58,45191.95,57278.43,51864.44,51232.18,55396.94,55259.93,52768.35,56699.09,56418.57
1354,193,24.0,57711.53,46090.84,58125.10,52147.22,50325.73,56087.33,55679.63,54713.45,58571.66,57272.83
1355,193,24.0,57877.25,45886.31,57728.35,52376.81,52373.49,56196.14,56076.87,55029.90,57805.07,56345.57
1356,193,24.0,57338.98,46728.06,57127.75,52742.46,51784.44,55809.64,56667.36,55932.43,57311.26,55876.15
1357,193,24.0,56781.06,46936.27,57873.80,52425.65,49862.33,55549.04,57250.58,54923.89,56583.75,56023.40
1358,194,24.0,52375.63,41278.12,52641.67,49250.48,47982.62,49573.16,50781.85,50865.95,49934.13,52076.06
1359,194,24.0,49310.96,40077.21,47510.77,45572.06,45069.12,47498.56,48082.04,47380.91,45591.08,49132.68
1360,194,24.0,57919.23,48217.71,59418.72,53254.45,49667.18,54192.35,55137.24,56223.23,52303.23,58712.43
1361,194,24.0,58463.04,50313.73,58719.13,54162.93,49287.72,55269.48,55909.54,56605.24,52412.54,59934.31
1362,194,24.0,59343.33,50314.97,57446.96,52124.62,49421.66,55840.88,54921.21,57209.78,52108.42,57268.15
1363,194,24.0,58609.06,49607.35,56726.37,51920.85,49630.28,55880.03,54660.81,55257.87,52346.34,58199.29
1364,194,24.0,57083.16,49002.89,57854.14,51898.67,48852.81,55886.09,57356.58,54509.95,51348.83,57340.46
1365,195,24.0,54159.80,44369.44,52497.38,48802.00,46211.94,52248.07,51529.76,51752.84,47308.13,51955.41
1366,195,24.0,51417.22,43012.22,50583.87,46590.66,42948.74,48882.36,49540.47,48405.17,44177.32,49613.17
1367,195,24.0,56736.93,48561.68,55797.00,52789.31,48300.53,53585.52,55912.83,53652.12,49761.92,55579.97
1368,195,24.0,57918.69,50311.22,57744.80,53845.56,50190.07,54435.53,54763.44,55626.93,49268.48,57572.77
1369,195,24.0,57403.60,50019.26,59016.66,53967.41,51580.02,52819.60,54583.76,55346.23,49298.07,58001.45
1370,195,24.0,58216.30,50021.81,57183.05,53462.19,50796.57,53545.15,56331.35,55243.26,50191.44,56540.08
1371,195,24.0,57306.26,50255.34,56296.60,52107.63,50247.43,53652.51,55677.12,55841.09,51326.29,55959.01
1372,196,24.0,54381.00,46001.65,48443.30,49417.77,48538.82,51483.26,52556.67,52768.86,48646.38,48273.99
1373,196,24.0,51158.05,45621.08,44396.98,45611.08,45082.95,48117.66,49244.71,50095.62,46183.22,44276.20
1374,196,24.0,55598.36,48898.48,50565.90,51274.44,48648.81,54540.92,55545.31,53555.04,52259.19,49746.57
1375,196,24.0,56476.63,49708.43,53331.45,51015.60,50439.36,55348.05,57485.06,53827.04,52737.46,52399.88
1376,196,24.0,56572.48,49747.92,52688.81,51203.93,49985.16,55151.65,56425.37,54067.61,52890.69,55048.25
1377,196,24.0,56922.02,49442.06,54016.02,52070.76,51102.28,54616.08,56009.64,54000.49,52732.13,56124.85
1378,196,24.0,56608.41,49548.37,53231.61,50764.66,50433.02,54684.70,55499.26,53764.81,53349.64,52999.15
1379,197,24.0,55241.29,43809.24,51106.60,47839.20,48018.18,52445.47,51385.55,52374.72,52824.07,49409.04
1380,197,24.0,51898.12,43202.48,47912.89,44165.98,45947.97,49117.62,48246.73,49519.79,49703.91,46972.73
1381,197,24.0,58711.62,48618.70,55136.48,49279.13,49610.52,53841.54,55750.29,54616.70,54838.97,51566.87
1382,197,24.0,59123.68,50803.30,54627.03,52890.79,50889.05,54911.09,56197.21,54543.75,54217.66,53932.39
1383,197,24.0,57834.08,51687.27,54375.06,51988.11,50636.07,54946.19,56335.33,54458.32,53980.90,54407.72
1384,197,24.0,56956.35,52349.28,55596.51,51704.69,50334.55,55356.03,55753.91,53462.67,55087.80,55224.45
1385,197,24.0,57490.26,51519.28,56133.18,51431.77,51003.03,55215.50,56582.08,54369.55,53508.98,52327.49
1386,198,24.0,54571.49,49248.36,51689.11,50512.48,49262.95,51107.76,50661.84,51343.82,49301.98,50225.10
1387,198,24.0,51773.26,44488.56,48668.17,47175.37,46976.78,48869.92,48704.74,50240.69,46671.48,48067.47
1388,198,24.0,58976.91,50548.96,55663.57,53495.89,51108.32,53067.66,55388.72,54754.23,55157.83,55691.69
1389,198,24.0,60258.41,51877.03,56696.85,53591.48,52048.67,54082.53,56069.43,53136.65,54920.24,57175.11
1390,198,24.0,56347.30,53185.60,57404.28,53625.62,53985.64,54657.12,53836.62,54502.73,54426.87,54809.72
1391,198,24.0,55864.00,52808.29,55858.67,53683.36,53404.16,55924.58,53987.27,56052.69,52888.29,54168.56
1392,198,24.0,56056.28,51993.24,55659.82,52434.93,53119.60,55404.02,55551.30,55973.03,55577.18,55623.02
1393,199,24.0,50503.75,50088.38,51423.51,49320.62,50473.46,53710.49,52421.60,53658.41,50610.40,50637.75
1394,199,24.0,47051.94,48062.29,48944.25,48649.17,47676.16,50453.08,49145.21,50959.70,48548.22,46556.65
1395,199,24.0,54331.93,52432.95,54499.83,54923.44,51723.19,55429.66,56417.19,56566.93,53689.16,52637.28
1396,199,24.0,56459.05,53338.80,56033.08,54228.66,52224.93,55604.84,55339.71,56893.46,54707.24,55832.26
1397,199,24.0,56324.28,55561.10,56026.24,54747.57,51769.42,56109.72,56274.89,56363.27,54344.39,55506.60
1398,199,24.0,56204.29,54301.99,55364.45,54456.29,52381.22,54282.65,58112.84,56360.39,55192.86,53895.37
1399,199,24.0,55878.67,53554.36,57843.93,54363.02,53286.98,54444.37,56210.38,56424.54,53857.85,55957.31
1400,200,24.0,50947.97,51369.87,51809.04,49569.53,51918.91,53080.40,50195.00,54266.12,51712.77,51283.51
1401,200,24.0,48345.33,49606.55,49809.22,48306.79,48593.33,51033.21,48620.39,50487.05,49388.13,49513.62
1402,200,24.0,49110.60,51007.69,51444.22,50653.73,47213.87,50134.16,49991.69,51474.88,49798.99,51831.96
1403,200,24.0,48293.62,49536.14,50195.72,49769.38,47646.22,50400.47,49490.37,50647.55,49125.23,50496.56
1404,200,24.0,56440.17,55641.54,56922.91,55022.36,51369.19,56230.73,55738.72,56003.90,54444.74,57278.10
1405,200,24.0,57092.71,55901.70,58533.72,55755.28,52369.52,56174.68,55705.88,56385.57,55318.53,59515.17
1406,200,24.0,56274.92,54820.69,57978.60,56176.80,53107.77,54559.54,55650.42,56807.60,57043.98,58089.35
1407,201,24.0,50014.61,53205.36,53233.31,53387.17,52064.32,53658.44,52949.44,55837.69,54285.49,54161.71
1408,201,24.0,47611.65,50529.63,50585.39,50508.85,48651.29,50826.77,50543.59,52475.80,51174.68,52297.50
1409,201,24.0,55289.22,55415.10,56730.58,55668.12,52283.85,56419.00,54848.53,56814.42,55957.74,58666.86
1410,201,24.0,57134.26,56128.32,57326.52,56475.14,52555.23,56440.28,55650.14,56663.76,57358.63,58470.12
1411,201,24.0,58737.75,56125.18,57579.91,55491.94,52719.03,56287.40,56673.11,57010.01,56369.66,59493.05
1412,201,24.0,57072.39,55979.37,57802.39,55780.88,52796.44,56195.11,56434.42,57443.52,55369.75,58161.65
1413,201,24.0,56816.89,56103.59,56592.03,56653.98,53647.22,56318.65,56536.69,56997.35,54851.75,57884.90
1414,202,24.0,50449.71,52549.81,52225.06,52496.96,52044.90,54225.74,52571.81,54550.99,52443.29,52811.73
1415,202,24.0,48531.71,49354.60,49199.89,49818.60,49768.14,51999.03,49150.36,51148.05,48666.03,52043.53
1416,202,24.0,57214.63,54423.97,56202.36,54830.79,54879.71,56519.18,56352.83,56657.84,54365.04,57176.28
1417,202,24.0,58368.75,53559.51,56117.15,54479.98,56626.82,56357.92,55477.98,55617.18,53871.86,57279.88
1418,202,24.0,56698.44,54119.31,56905.53,54658.02,55360.46,55943.51,53421.12,55028.22,53996.25,56260.31
1419,202,24.0,56038.69,53755.70,57631.57,55406.16,54018.21,55632.69,54322.82,57333.79,54592.85,56270.26
1420,202,24.0,54884.20,53219.20,56770.71,53237.45,53278.27,54541.93,56282.34,56911.95,54754.88,55192.90
1421,203,24.0,49271.89,47378.10,50871.80,48981.56,46299.84,50956.55,49553.65,54018.98,48912.99,51019.62
1422,203,24.0,45675.32,44651.70,47473.47,45352.04,43599.11,46838.49,45943.17,50828.00,45491.20,46898.14
1423,203,24.0,53189.70,50103.78,52405.20,48959.14,48793.03,52827.48,52235.32,53927.85,50161.23,52266.47
1424,203,24.0,53110.87,50242.96,52201.29,48535.93,47127.56,52197.54,53223.63,53756.73,51306.04,53710.99
1425,203,24.0,52915.64,50576.16,51799.01,49556.21,49026.47,52649.31,52418.82,53053.92,49705.79,53250.83
1426,203,24.0,53290.03,49540.56,52004.87,50260.46,49767.43,51881.62,52385.77,53211.27,50665.31,51918.05
1427,203,24.0,53146.92,48691.92,52908.92,48808.10,49260.36,51321.68,51704.52,53177.03,49809.98,51731.05
1428,204,24.0,47665.75,47111.27,48616.05,46343.86,45658.02,46806.75,46232.20,51842.15,46791.51,46707.17
1429,204,24.0,44303.43,43779.91,46107.38,42887.22,43102.89,44198.50,43674.60,48386.90,43312.06,44527.37
1430,204,24.0,50157.40,47526.73,52222.49,47472.46,48814.37,51532.51,51013.59,53202.10,48372.00,51148.41
1431,204,24.0,52310.91,47779.87,53834.53,49076.55,47786.26,51130.68,50533.93,53875.25,49492.72,50667.07
1432,204,24.0,53162.69,48333.09,53390.07,49033.83,47004.48,50361.33,50697.22,54958.75,48909.64,50758.68
1433,204,24.0,52743.06,49803.87,53227.18,50120.65,46996.36,50811.60,51169.95,54909.72,49121.22,49404.33
1434,204,24.0,51814.40,47867.09,53072.09,47758.46,45460.83,48725.97,50836.66,54279.08,48640.09,50855.72
1435,205,24.0,42681.49,43024.18,47257.19,42178.78,43454.19,42625.80,45118.64,47395.02,44339.27,45910.66
1436,205,24.0,45312.23,43229.06,47143.08,42490.09,43417.58,43156.95,46082.13,47661.34,44351.71,45908.76
1437,205,24.0,49867.76,49477.39,54313.08,46230.57,47056.08,48132.02,53147.72,53473.65,49831.54,52257.09
1438,205,24.0,51952.76,50312.48,55524.48,47404.72,48275.93,49118.38,53752.82,55470.64,52026.87,53072.61
1439,205,24.0,51140.64,49223.85,56460.41,48585.49,46628.45,51105.37,50895.66,55913.87,51730.47,52301.91
1440,205,24.0,50047.15,48775.17,53756.38,48965.37,47183.41,51121.30,52638.40,54204.86,51411.80,52015.04
1441,205,24.0,52120.27,50432.71,55419.02,49533.53,48492.72,51954.83,50949.38,55669.50,51786.49,52953.37
1442,206,24.0,53031.90,46851.05,52182.94,47661.40,50138.71,48669.43,50124.03,54118.73,48770.36,50198.40
1443,206,24.0,51203.91,45531.44,50203.82,46073.32,47053.59,47878.20,47399.83,52021.68,47421.73,48443.41
1444,206,24.0,54175.65,51287.74,56889.96,50644.96,47787.15,53352.53,53421.06,55729.01,53662.78,54787.03
1445,206,24.0,54899.89,50493.11,56646.99,51280.26,47760.07,53975.12,53870.80,56534.07,53749.26,55353.83
1446,206,24.0,54825.81,50905.74,58273.31,53304.51,49106.32,53866.53,52005.94,55259.38,54455.66,54311.65
1447,206,24.0,53790.75,51110.97,58190.74,52763.77,49590.12,55463.56,51582.87,54465.28,55735.23,56937.87
1448,206,24.0,55246.70,50862.99,58752.42,50322.63,51617.78,53251.40,52223.13,55438.52,56225.91,55265.29
1449,207,24.0,53446.29,49051.94,54256.59,49721.57,49134.34,49875.28,49483.59,53421.62,54214.48,52621.47
1450,207,24.0,50690.54,47084.84,51123.28,46345.96,46693.00,46721.66,48167.31,50611.18,50951.06,50585.46
1451,207,24.0,54164.88,53017.69,57409.91,52935.46,52509.78,54795.17,56146.83,59577.58,57188.32,57752.90
1452,207,24.0,56459.35,53260.03,59598.89,59049.30,57112.27,55595.14,59221.57,60053.62,57484.79,59635.39
1453,207,24.0,57028.17,53888.30,57303.41,59157.67,55458.97,55821.04,59632.87,61864.89,58183.40,61027.44
1454,207,24.0,56769.57,53770.55,57290.64,58103.88,56103.19,54949.86,61619.60,62751.31,57820.54,61504.82
1455,207,24.0,55224.83,51077.47,56800.46,59555.61,56093.73,54173.20,58403.22,62568.33,59211.98,60980.87
1456,208,24.0,49117.52,44570.64,54012.90,54359.36,54803.78,50447.18,56512.38,57841.37,55253.68,54082.35
1457,208,24.0,49059.24,43921.82,50603.13,51293.60,52282.39,48477.17,54623.46,53959.77,53254.66,52594.70
1458,208,24.0,57561.69,51241.18,57630.07,57431.83,57474.26,53903.63,61454.94,57299.83,57274.72,58036.57
1459,208,24.0,59580.29,51984.17,58969.89,57295.72,58981.19,52935.66,61179.29,59828.44,58710.98,58398.12
1460,208,24.0,57507.22,53250.49,57151.43,57833.67,58166.04,55132.28,59821.98,60533.30,61205.83,59114.24
1461,208,24.0,56013.01,52343.08,58048.80,58184.38,56719.39,53862.57,60347.85,60408.65,61653.99,58638.06
1462,208,24.0,57507.07,51378.11,57250.91,60297.19,55593.73,52805.79,60777.92,59850.80,59618.70,57919.05
1463,209,24.0,51774.73,46673.96,55647.30,54570.87,54524.23,52287.07,57734.38,54028.41,56628.17,53767.53
1464,209,24.0,48319.49,44551.19,52549.89,51711.46,50371.31,49581.44,53895.67,48706.55,51575.19,53134.94
1465,209,24.0,56676.29,51633.91,60730.13,56700.61,54568.47,57081.70,58287.95,56923.53,57840.69,59153.37
1466,209,24.0,58313.84,53494.98,61797.09,56489.38,55715.78,57811.29,61508.97,57618.27,57877.04,58205.49
1467,209,24.0,59742.48,53925.20,60884.02,58037.35,57204.98,55034.61,60638.17,58822.96,58663.85,58209.02
1468,209,24.0,59211.57,54234.70,61042.17,56792.57,59038.80,56264.10,59855.66,58428.82,57178.65,60180.20
1469,209,24.0,56598.49,54298.18,61384.20,57549.32,56565.84,57540.99,59865.30,58493.13,56572.91,58511.00
1470,210,24.0,54632.33,51224.90,56346.76,53354.84,54564.07,53714.40,54761.78,51259.01,54773.58,56472.00
1471,210,24.0,51502.21,49441.92,52894.95,47911.94,51457.24,51534.67,55584.90,48278.46,52395.40,53255.70
1472,210,24.0,56801.63,54977.78,58290.04,56022.93,55796.14,58588.61,60005.38,57189.11,56106.57,60083.60
1473,210,24.0,57469.81,55735.84,58461.82,55314.99,56834.81,58789.40,58118.58,58731.17,56626.46,59343.99
1474,210,24.0,56967.77,55021.62,59233.21,57212.08,56567.62,56503.81,57823.17,59297.66,56646.65,60502.43
1475,210,24.0,57875.29,54923.63,58575.71,55768.35,57758.55,57293.09,59441.96,60586.49,56476.18,60932.47
1476,210,24.0,58373.47,55142.03,59492.32,55549.69,55681.76,55814.22,58693.99,60110.74,57637.06,58869.55
1477,211,24.0,56587.67,51758.17,53974.08,51864.15,51476.20,50996.17,55816.24,55024.10,56843.47,56535.15
1478,211,24.0,53383.70,50284.35,51919.94,49329.34,48035.15,49831.81,53331.24,52703.83,53437.34,54166.07
1479,211,24.0,58262.18,55417.21,58723.49,55352.08,50901.40,56097.06,61556.91,59814.30,58360.96,61998.53
1480,211,24.0,61018.91,56124.55,58741.70,55515.19,53063.09,57857.68,60696.81,60108.39,56455.98,62802.29
1481,211,24.0,59811.63,56090.66,58376.53,57793.08,55537.60,54307.83,60805.76,61059.61,56807.59,61387.11
1482,211,24.0,62916.49,56785.10,57987.02,57444.02,54177.29,57449.63,59458.41,63036.95,57295.04,62447.94
1483,211,24.0,60486.51,56644.36,57148.75,56714.06,56943.65,57908.07,61082.95,62578.31,56047.31,63593.44
1484,212,24.0,57230.25,52588.30,56770.73,51546.30,51500.29,51929.84,56636.78,57781.11,54703.53,57750.88
1485,212,24.0,53785.68,51344.14,54698.30,50404.98,49418.63,51208.22,55530.40,55363.31,52301.81,55080.74
1486,212,24.0,61207.46,58441.17,59728.22,54928.97,56978.45,58043.12,60346.58,61628.21,60853.42,62072.49
1487,212,24.0,61127.71,59328.77,59579.21,55339.98,56968.14,58106.71,59858.86,63602.70,59914.55,63375.65
1488,212,24.0,60365.06,60026.26,60133.79,56143.43,56224.40,58286.80,61855.88,60644.21,59901.88,62170.18
1489,212,24.0,59933.61,60708.42,60729.20,56285.04,56710.06,59713.66,64217.05,63442.89,61845.55,63398.80
1490,212,24.0,63096.48,61607.77,61763.61,54407.02,56106.64,58800.26,63344.73,63224.81,60963.54,61727.80
1491,213,24.0,58581.28,52577.15,55879.95,53400.39,52747.78,56365.79,59398.98,56249.67,56082.17,57438.85
1492,213,24.0,55996.32,48831.53,53538.26,50192.53,50870.96,53820.89,56854.28,52243.01,51870.53,55822.28
1493,213,24.0,64284.35,53996.46,61214.20,57551.76,56978.17,60930.86,61263.97,59320.08,57205.35,63911.10
1494,213,24.0,65679.28,52862.55,59524.04,57800.48,55526.43,62492.79,62768.19,59118.13,57873.52,62954.10
1495,213,24.0,64300.40,51220.49,57482.95,58177.79,58466.25,61606.33,63040.83,60388.78,59993.79,64565.89
1496,213,24.0,64063.57,53384.88,58289.14,58131.15,55567.74,58756.93,62200.01,61174.31,59530.28,66473.21
1497,213,24.0,64620.31,51471.38,60334.38,57769.88,57851.38,59867.39,62304.00,61709.02,60528.53,67299.70
1498,214,24.0,58225.58,47167.93,55819.80,58033.64,55242.44,57887.78,60192.75,51179.42,55806.41,61895.11
1499,214,24.0,56063.45,45532.11,52343.96,56396.07,54659.70,55079.33,58606.00,51130.36,53269.37,58840.04
1500,214,24.0,63562.36,52503.13,61148.08,61099.35,60440.17,60673.20,64865.16,57794.68,62837.33,67302.62
1501,214,24.0,62399.23,54958.26,61737.33,60402.30,62296.42,58834.78,66289.76,59783.84,62291.81,66689.36
1502,214,24.0,65039.36,55529.88,63348.91,61508.55,61999.07,61674.93,68197.61,59922.08,61893.81,65421.91
1503,214,24.0,64287.51,56617.13,62991.47,60231.81,62252.02,62030.05,69592.41,61110.57,64755.97,67298.87
1504,214,24.0,61366.52,56846.74,62284.55,60901.65,62823.70,62752.64,71958.45,61867.23,64893.15,69715.77
1505,215,24.0,59094.41,49711.36,59347.67,57709.45,62274.50,62081.04,68448.88,52602.63,59608.35,62650.45
1506,215,24.0,55813.17,48402.77,55314.94,57186.48,59595.29,60460.87,63160.49,49559.55,57627.34,59681.54
1507,215,24.0,61245.41,56007.43,60793.12,61111.09,65227.36,63601.55,68687.73,58547.27,62775.52,68610.82
1508,215,24.0,64279.46,58417.48,61232.92,60529.88,67312.39,64218.37,71415.35,61945.28,64341.44,64702.00
1509,215,24.0,61641.83,58898.94,62135.73,61470.24,67590.93,57966.31,67172.30,61862.89,65859.41,67528.59
1510,215,24.0,58687.66,59399.77,61513.52,62372.34,67360.07,60823.69,66297.08,62358.77,63523.39,64237.24
1511,215,24.0,57028.21,58815.78,64627.72,64057.33,66179.54,63477.08,68080.54,64209.55,65474.50,65870.02
1512,216,24.0,52937.42,56213.85,60061.59,62968.43,65473.70,58921.15,67967.63,56650.82,63692.16,59308.21
1513,216,24.0,56241.52,53845.50,56279.43,62011.49,65452.45,61041.22,65450.33,55220.61,63784.05,53635.19
1514,216,24.0,67464.20,62628.43,64851.32,66759.29,70730.15,70752.38,75032.52,61792.19,69391.95,63374.00
1515,216,24.0,67940.56,65985.45,69362.99,66396.63,68279.14,73928.66,74929.00,63954.72,70700.02,64789.85
1516,216,24.0,69162.74,67115.84,66689.20,66246.82,68575.71,74026.27,73174.71,63404.42,69933.64,65409.36
1517,216,24.0,66530.98,68098.03,66362.97,65863.26,66390.74,73525.93,73950.89,63988.89,69243.79,65003.85
1518,216,24.0,67432.29,66879.96,69798.25,65105.98,65656.69,71309.95,71972.50,64187.14,66171.83,66093.90
1519,217,24.0,64036.96,61587.14,60796.74,61748.30,57711.99,70510.59,61770.55,58320.57,59596.19,61767.88
1520,217,24.0,61771.41,57783.36,60248.49,60529.38,54900.71,69741.11,56810.58,56416.36,58616.14,60526.59
1521,217,24.0,66029.35,63765.77,66890.02,66660.51,62363.24,72471.16,62800.54,63999.58,68492.52,69597.47
1522,217,24.0,65493.73,65194.77,68143.63,66643.62,62619.30,72131.45,65697.16,65444.55,67012.00,71882.88
1523,217,24.0,59735.13,59663.69,62557.09,62801.14,56311.15,70499.98,58184.54,61931.88,61479.98,64881.60
1524,217,24.0,65259.21,64515.37,68361.38,64925.03,63739.83,71057.00,67690.75,67758.70,65323.21,71917.96
1525,217,24.0,64639.83,64493.77,70792.41,68656.82,64059.94,71061.42,66540.53,69920.01,66439.00,73719.76
1526,218,24.0,63116.10,59270.38,67427.38,65281.62,61063.94,66257.24,59404.70,65187.54,67494.84,64353.41
1527,218,24.0,61256.53,55934.98,65633.04,64498.59,60118.83,63138.07,57642.81,65353.91,65710.00,62198.17
1528,218,24.0,67619.77,64352.64,72677.77,72841.02,65187.64,69926.81,64065.76,68395.11,68451.90,70805.64
1529,218,24.0,68011.66,65634.26,73890.02,72597.23,66306.76,72280.29,63032.99,67030.12,69903.67,71342.65
1530,218,24.0,69457.11,65324.35,74691.17,74997.22,67268.22,72291.34,62941.38,68368.33,68567.32,73781.79
1531,218,24.0,68803.52,66468.58,74653.61,73569.21,67506.22,73362.13,63107.69,71615.64,69829.06,73226.79
1532,218,24.0,68437.72,67933.31,75232.14,72021.99,66937.01,72903.87,66529.18,71900.93,69316.62,76211.51
1533,219,24.0,65962.57,62816.27,68272.63,69565.64,62692.93,64963.29,62862.62,64782.51,66800.77,67785.26
1534,219,24.0,64281.69,61560.25,70557.74,72929.41,62258.09,62108.40,61936.39,60097.69,63390.83,67093.31
1535,219,24.0,67961.72,70020.32,75591.49,73235.63,69336.75,71030.17,68669.41,65928.38,68457.15,77379.92
1536,219,24.0,68887.24,70619.18,75116.57,71442.42,71592.11,72619.90,70589.89,65641.81,71552.33,77938.94
1537,219,24.0,66983.24,72628.45,76465.36,69386.06,71219.15,73021.29,71638.39,65147.99,68054.13,73757.03
1538,219,24.0,69045.56,70727.60,74229.84,69327.40,72200.33,74277.04,73820.32,64418.84,68108.60,70859.69
1539,219,24.0,65613.94,73759.11,73430.00,73549.12,72681.06,75766.15,75602.72,64772.89,69869.90,70397.78
1540,220,24.0,62912.12,70355.08,69573.05,67253.97,67778.08,70425.03,68124.40,57938.15,64272.27,66763.68
1541,220,24.0,63219.51,66539.57,67336.00,64365.30,64723.42,68272.26,66250.75,58245.90,62098.19,65757.47
1542,220,24.0,69108.34,68003.67,72528.21,68981.96,68464.07,73525.25,74711.59,66279.79,68537.01,71930.92
1543,220,24.0,71114.27,69489.93,72771.38,71821.16,68096.79,77122.48,74138.34,72642.01,71800.53,75590.02
1544,220,24.0,71857.89,70894.66,71927.59,72802.31,68706.50,78078.09,71191.17,73877.37,71186.67,73898.79
1545,220,24.0,71729.33,69029.27,70616.88,72030.39,68772.06,80143.89,72351.50,76715.34,71556.67,75316.74
1546,220,24.0,71402.35,69138.59,69492.65,79380.84,67371.31,80075.98,73109.86,76874.88,68915.57,74621.84
1547,221,24.0,69957.27,73387.22,68035.58,78118.67,64394.28,76245.96,72962.76,70595.14,67884.42,67271.44
1548,221,24.0,69025.89,69946.47,66615.41,76214.97,62647.92,71456.36,70853.29,68972.36,65128.77,65305.29
1549,221,24.0,72550.24,72055.49,74144.95,77504.99,71198.74,74271.94,74868.52,77816.80,74612.61,74513.07
1550,221,24.0,72401.61,70243.88,72203.54,77372.08,71109.91,72923.88,75913.36,79081.38,74627.01,75698.72
1551,221,24.0,74010.21,68918.75,71883.40,76984.44,71544.46,72060.19,75562.15,79144.74,72250.81,77025.06
1552,221,24.0,72705.78,72058.59,72562.04,76872.37,70500.16,70982.10,73539.50,78570.42,72425.09,76500.13
1553,221,24.0,71763.73,70314.00,76149.25,81811.16,71598.79,73996.19,73622.46,79289.28,71209.02,73791.18
1554,222,24.0,69820.02,68010.05,70499.01,72546.96,68258.73,73288.46,70939.91,74457.22,67549.55,69449.22
1555,222,24.0,67236.80,64491.56,68060.80,70078.75,66183.04,69876.80,69629.66,71932.05,66145.92,70510.80
1556,222,24.0,74006.05,69815.21,74834.17,74223.62,69797.65,74484.92,73535.02,77331.54,71320.40,76350.48
1557,222,24.0,73787.55,69374.63,71112.32,72570.11,71169.36,75678.44,75778.62,77625.94,72571.13,77035.17
1558,222,24.0,74203.14,70315.72,73383.30,69354.64,70630.55,74458.40,77177.70,81543.40,74032.98,74668.07
1559,222,24.0,71721.61,69745.22,72666.06,68272.11,69520.40,74659.81,74080.90,80666.94,73218.38,75801.80
1560,222,24.0,71278.33,70034.70,74440.18,68330.87,69878.82,79245.17,73716.41,81359.09,73086.24,76703.10
1561,223,24.0,67003.66,71090.30,70752.13,65702.05,65310.63,75045.87,74649.62,80398.46,75781.94,72092.07
1562,223,24.0,68269.19,68813.19,66500.55,64939.50,65299.51,72645.63,71354.03,79671.18,76529.83,72127.39
1563,223,24.0,72924.51,71718.12,72564.98,70285.56,69668.91,78710.02,75086.65,80250.83,77437.40,70860.91
1564,223,24.0,71964.41,72075.54,73847.55,70777.56,70297.11,78752.34,77687.68,80950.34,76241.76,72233.37
1565,223,24.0,71263.23,71335.79,76413.71,71136.96,66509.19,74674.89,80786.56,81289.89,73705.67,70362.47
1566,223,24.0,70909.09,69336.92,71082.73,69384.48,65236.74,73400.88,78892.81,78077.30,71169.29,66614.30
1567,223,24.0,69878.07,66084.09,67781.55,65981.89,62249.34,72900.76,77411.13,77363.41,63900.06,67442.84
1568,224,24.0,72588.96,70450.38,68659.23,63902.80,62153.73,75590.59,77702.69,76620.83,65441.96,66084.47
1569,224,24.0,70260.89,69458.85,68325.88,62097.27,61761.56,74160.91,74462.71,76517.01,65934.31,65706.21
1570,224,24.0,72283.38,72796.43,77906.68,67749.20,67961.11,80869.40,74742.54,81757.33,71465.29,72402.56
1571,224,24.0,73548.60,70408.60,78714.91,69609.18,67660.38,80893.45,79383.44,82012.90,70537.32,72180.98
1572,224,24.0,73741.11,69464.21,75841.90,71428.74,65756.30,81800.71,73757.69,83019.21,71432.66,72438.93
1573,224,24.0,70460.79,67968.31,72450.23,67656.96,63373.38,79092.14,73825.80,80046.56,70194.10,70259.29
1574,224,24.0,55548.51,49765.52,58221.20,53608.99,52045.46,62637.02,53879.85,57275.87,56953.06,45347.91
1575,225,24.0,55589.99,53123.71,58547.19,52233.64,54347.48,63276.91,52621.04,58878.79,59984.51,48160.23
1576,225,24.0,56506.35,53303.31,57055.75,50027.14,55170.60,65288.99,53657.17,57147.77,60833.79,48167.42
1577,225,24.0,65373.00,65760.26,66431.29,60332.03,62220.23,71253.50,63627.41,63997.01,69844.17,58956.10
1578,225,24.0,67448.89,68990.17,68656.62,64444.67,62275.18,72458.44,65421.39,63920.69,70526.40,66012.04
1579,225,24.0,66582.91,68588.34,69798.25,65166.34,63089.97,76329.07,65516.32,64647.88,71575.14,64758.18
1580,225,24.0,66422.43,65854.90,70038.36,66397.21,64066.69,73056.72,66286.75,65811.67,70412.81,66068.15
1581,225,24.0,66357.13,63756.95,73383.17,66337.98,62464.63,71058.82,68172.82,65421.53,70889.57,63351.80
1582,226,24.0,57410.23,56475.51,64597.46,61888.25,64755.52,65103.23,62721.67,56698.73,68840.33,58032.37
1583,226,24.0,53721.29,52545.76,58844.76,58455.98,62670.56,65990.41,62290.72,54524.53,67673.90,56534.06
1584,226,24.0,62608.13,61765.12,66465.71,64369.08,66307.92,75773.62,71366.45,63962.62,72419.50,62395.62
1585,226,24.0,66879.17,63825.76,69932.08,66477.78,67476.51,71723.71,73552.08,66502.11,75820.57,64910.56
1586,226,24.0,66476.22,64412.28,67817.48,68128.01,65795.33,72355.02,74108.36,66878.44,72007.17,64264.11
1587,226,24.0,67005.26,65107.39,68314.16,67787.63,64120.31,72689.62,77402.95,67358.99,70836.12,68447.75
1588,226,24.0,67053.14,64863.61,67110.59,68058.60,64224.15,74886.67,77188.01,67829.08,71587.90,67808.74
1589,227,24.0,64789.73,61207.68,57940.92,61641.04,59348.71,66685.01,71558.13,60769.93,68671.56,62563.37
1590,227,24.0,62839.10,59463.49,54986.06,57385.81,55398.40,61246.44,67775.83,56289.36,65835.45,56596.24
1591,227,24.0,69082.14,64643.81,62777.94,61700.99,63353.93,70647.91,71378.22,63469.42,73678.28,60959.43
1592,227,24.0,66182.23,65470.89,63730.81,64012.58,64578.58,72228.13,68031.38,64824.09,70056.52,60052.68
1593,227,24.0,66179.73,65738.40,64699.02,62691.70,62284.21,69585.65,68240.15,69024.04,69222.21,61252.14
1594,227,24.0,66216.43,66632.86,67872.31,63266.60,61530.95,68670.41,71525.69,67689.45,67643.41,63370.43
1595,227,24.0,65051.37,65371.17,70234.54,62901.43,63647.19,67156.33,69409.39,68175.82,66976.51,59978.18
1596,228,24.0,59674.78,62291.86,63654.92,57750.62,58476.20,61415.44,63609.85,63020.09,64206.60,53316.85
1597,228,24.0,57476.25,59941.40,61038.21,55570.97,55648.51,59509.10,56458.61,61522.13,62209.63,48984.47
1598,228,24.0,64373.69,63783.75,66898.42,64548.50,63892.77,68298.14,60553.19,67522.63,68552.09,59235.95
1599,228,24.0,64829.59,64420.65,69259.94,66905.51,67214.37,67742.67,62023.52,64923.93,68462.45,62529.96
1600,228,24.0,65875.99,63682.32,72878.19,65463.37,68338.54,64330.76,61966.49,63321.18,71978.23,60960.69
1601,228,24.0,66675.61,63221.04,71177.68,64541.82,69144.85,63909.21,62666.66,61083.62,69292.34,60118.09
1602,228,24.0,66993.76,63508.69,66208.00,64387.05,68265.77,65117.20,61526.42,62048.65,68427.46,63419.57
1603,229,24.0,61116.70,55708.38,62313.37,59805.30,67353.03,59638.94,55460.82,55480.99,63167.93,58592.97
1604,229,24.0,55889.84,52635.03,63587.21,55226.34,64809.10,57090.77,53267.41,54251.84,60022.34,57153.54
1605,229,24.0,60108.49,61098.01,66619.02,64354.17,68394.78,67970.50,58732.53,65372.26,68676.51,67326.08
1606,229,24.0,61089.19,59784.68,69451.84,64612.45,68086.09,68601.87,59832.55,63976.43,68999.30,67976.75
1607,229,24.0,62243.67,59173.16,66445.00,65290.93,67791.64,68776.72,60133.15,63884.52,71307.53,66099.56
1608,229,24.0,62197.12,59669.11,64498.45,64539.93,67217.69,67212.51,60255.03,65758.04,69924.35,64843.32
1609,229,24.0,61988.85,60084.17,65376.47,67054.77,67323.83,64043.30,60022.20,65330.17,69813.03,65046.80
1610,230,24.0,59117.68,52276.58,59992.73,58937.42,65168.24,65874.69,51960.61,63445.60,62063.96,59732.49
1611,230,24.0,56523.41,51399.51,54641.76,54631.50,65007.65,62141.06,50330.27,61170.39,59634.17,59118.59
1612,230,24.0,61496.45,56968.53,63023.14,60708.60,66577.30,66011.19,58895.17,63327.68,66630.86,68057.32
1613,230,24.0,62461.62,59660.21,66410.61,62499.38,66866.85,62723.02,61412.95,65622.67,69864.72,67024.22
1614,230,24.0,62466.58,58806.29,63043.74,62791.99,66860.43,66064.11,62479.23,64622.45,69065.36,67470.59
1615,230,24.0,62466.58,58064.28,64510.95,63377.70,67876.16,63671.78,63455.46,63166.88,68966.45,70800.13
1616,230,24.0,63725.03,57769.94,66133.78,64769.21,67289.99,66174.11,62023.73,65738.94,70405.14,67731.81
1617,231,24.0,58610.65,51204.05,57671.41,57025.50,66250.16,62101.07,55807.59,62078.66,70665.30,59258.61
1618,231,24.0,54569.28,49000.53,57348.89,57449.06,66765.82,58828.18,54064.14,59902.84,70883.40,56019.34
1619,231,24.0,58641.86,55342.22,58800.36,62149.72,71613.66,65509.67,57321.94,58830.91,69956.73,62305.89
1620,231,24.0,59497.20,57397.30,57329.18,63725.12,64985.43,66040.80,56051.15,57989.18,68686.36,63470.35
1621,231,24.0,58329.12,58261.87,56803.55,64793.26,65551.57,66634.59,56882.55,57256.58,72397.18,63594.81
1622,231,24.0,57365.86,57488.68,56289.81,61500.58,64975.07,63872.30,56461.65,55266.57,70710.01,63121.25
1623,231,24.0,58050.12,57900.51,57036.94,64523.68,64698.45,61779.32,57000.69,57549.15,68716.84,60610.10
1624,232,24.0,53834.28,55073.45,53561.47,58710.53,62466.65,54327.18,55601.47,57651.32,66645.42,54733.66
1625,232,24.0,52378.48,50663.67,49812.87,55977.97,60012.56,49943.17,52660.99,55985.33,61493.54,53165.66
1626,232,24.0,60019.36,58268.09,56177.81,58955.01,62918.59,59684.07,59591.90,62816.92,67106.54,58385.51
1627,232,24.0,61506.49,57443.90,58797.74,61552.65,63069.64,61533.13,60959.29,61130.70,65778.94,57184.78
1628,232,24.0,61624.88,57525.02,59782.44,60191.32,62715.12,64177.00,60683.45,59645.02,65854.64,57039.62
1629,232,24.0,61372.54,57368.78,58186.89,57941.38,63210.16,63313.51,60525.39,57167.52,65392.54,57019.09
1630,232,24.0,61363.30,55901.93,58777.17,57304.27,63009.53,63618.27,60369.36,58399.99,62427.52,56609.85
1631,233,24.0,55256.14,49884.07,54196.57,53486.87,58152.84,57189.85,54689.48,56135.32,59868.81,51802.63
1632,233,24.0,50081.67,46590.67,53776.66,50118.14,55525.08,55940.79,52965.93,53900.66,60691.22,48914.85
1633,233,24.0,56325.68,52912.44,56628.43,55713.63,62898.19,62562.44,55202.56,57533.75,68245.51,57092.12
1634,233,24.0,57426.82,55016.03,55001.37,56274.49,62934.39,65505.06,57636.87,57947.84,69617.64,60925.43
1635,233,24.0,57528.06,55669.78,55001.27,57267.14,62934.39,62978.56,57645.62,58205.19,70102.65,60989.66
1636,233,24.0,57464.17,56044.93,56881.87,57367.74,62934.39,62235.43,57524.99,56983.95,68319.82,65066.82
1637,233,24.0,57924.64,55993.51,56289.35,57352.84,62204.89,63326.84,58185.61,56404.37,66648.24,62545.47
1638,234,24.0,57516.63,47508.78,54381.43,49640.59,56793.93,58060.35,52719.20,51400.92,60562.26,54682.58
1639,234,24.0,54747.65,42856.07,51259.51,47819.17,55119.84,54830.64,49825.44,47413.52,57398.38,55245.32
1640,234,24.0,56339.24,51637.44,54884.64,54615.78,57934.63,58025.94,52958.61,54880.69,61300.04,58062.08
1641,234,24.0,55010.30,53091.65,55697.91,56020.62,57727.29,57060.23,51886.10,57547.70,60768.93,55325.28
1642,234,24.0,57172.50,53321.32,57932.79,55714.66,57119.19,57798.75,52933.10,56465.51,59388.29,58533.94
1643,234,24.0,55023.68,53953.77,57428.47,56625.59,57053.43,59128.21,55540.65,57181.14,56649.36,54156.76
1644,234,24.0,55539.65,51604.69,57504.42,56849.25,55165.46,58986.76,55568.78,58434.85,57079.86,57859.30
1645,235,24.0,53258.82,47041.33,53254.02,50312.17,51881.63,59006.74,52689.07,53971.62,54528.31,54210.71
1646,235,24.0,49750.51,44324.45,52091.01,46504.54,50586.45,57716.61,50517.94,51763.23,54302.69,52658.89
1647,235,24.0,55076.35,49437.03,56841.72,53528.70,56216.97,63342.71,57421.23,56151.80,54774.53,56754.32
1648,235,24.0,55126.45,49884.12,56102.69,54719.38,55807.33,61445.31,53811.00,55452.65,54287.58,56865.47
1649,235,24.0,55123.94,48330.34,55165.73,54714.81,55220.04,64281.99,57792.88,55366.99,53796.25,60135.23
1650,235,24.0,55111.98,48018.22,57098.34,54748.90,55410.11,66470.20,61680.58,55365.42,54475.98,60325.67
1651,235,24.0,54813.06,47039.78,60390.60,54421.99,55493.51,64890.75,56510.01,57463.99,55602.48,61823.01
1652,236,24.0,51001.74,41365.33,56677.64,48171.28,50851.85,55954.32,56397.25,53226.87,49458.60,55180.01
1653,236,24.0,49366.47,37285.18,54640.62,47204.16,46712.73,53993.80,54884.84,52664.42,44996.59,53137.40
1654,236,24.0,55718.64,44262.48,56847.07,49822.02,52818.35,54615.97,60004.71,58561.17,50288.69,59616.18
1655,236,24.0,56268.52,42101.09,57940.68,50092.91,53713.14,54360.63,60092.72,57634.43,51495.56,57742.93
1656,236,24.0,56718.91,42273.91,62140.40,50609.30,53663.58,55100.78,59387.03,57330.76,50756.87,62658.28
1657,236,24.0,57067.64,45690.88,54758.13,50074.43,53634.73,55993.47,57215.86,56392.22,50940.45,61181.44
1658,236,24.0,56739.75,41692.29,57599.86,49966.82,53989.09,55851.28,58582.72,56376.96,51052.81,62789.00
1659,237,24.0,52576.30,38012.25,54182.76,49794.65,48024.25,52250.66,51456.85,55923.34,43903.06,59190.55
1660,237,24.0,49204.51,32554.95,49534.82,44996.98,43420.26,48717.32,48298.85,52032.21,39939.91,55978.17
1661,237,24.0,51500.40,41376.93,57230.95,48851.36,51496.49,53802.21,56266.42,55457.65,45240.86,59622.44
1662,237,24.0,50424.11,44849.25,58741.59,50159.72,51012.65,53729.78,54322.13,54615.76,46907.44,60468.66
1663,237,24.0,47972.37,45425.41,62230.89,50157.41,49011.74,53725.64,55572.18,54348.26,46940.06,57885.41
1664,237,24.0,49055.72,47183.51,59591.85,47371.96,51266.35,55103.19,52002.39,56510.80,49354.35,58964.67
1665,237,24.0,50355.19,48326.08,60753.84,47563.88,50550.09,53344.28,49906.15,54326.32,50396.36,55486.99
1666,238,24.0,46081.44,45723.33,54873.07,44351.76,49129.13,50378.19,43222.71,53009.92,49403.98,54481.53
1667,238,24.0,41220.59,40130.14,53020.17,43432.02,47744.52,47682.17,40275.66,47555.93,47807.88,49601.71
1668,238,24.0,41251.45,40889.21,53137.04,43314.81,48288.98,48203.23,41042.10,47395.37,48336.60,48852.36
1669,238,24.0,49320.71,48428.86,59205.43,50043.85,50234.89,53359.62,49644.62,50421.35,54039.67,56204.44
1670,238,24.0,49875.41,49661.97,55779.20,49367.01,50528.25,53357.90,50819.52,49312.33,54036.07,55948.28
1671,238,24.0,49163.62,49328.63,55702.77,49765.83,50528.25,52280.74,51254.67,49569.29,53104.19,54841.28
1672,238,24.0,48377.99,49080.93,57034.62,48631.47,50523.50,52225.83,51554.20,49895.01,52053.64,54435.20
1673,239,24.0,40018.22,43174.84,53638.26,47816.82,45011.54,48668.92,47386.13,46167.60,49197.89,50361.85
1674,239,24.0,36828.87,40073.54,50378.51,43852.91,41353.17,45805.77,43931.39,43340.58,48485.65,46745.23
1675,239,24.0,47373.74,47491.00,54311.35,50409.84,49601.10,50655.77,50901.83,50225.99,52831.24,51493.69
1676,239,24.0,48985.56,45194.90,54038.11,51114.69,51480.56,51683.16,51590.89,51891.41,50693.21,51503.41
1677,239,24.0,49159.39,46552.79,53245.44,50279.53,51929.96,53585.05,51286.66,52507.10,50546.78,51186.25
1678,239,24.0,48878.57,45232.61,53699.40,49150.60,51451.48,51287.99,51446.53,53084.99,50882.91,50504.98
1679,239,24.0,48793.58,44842.82,54000.30,48735.71,50092.59,51018.75,51417.46,52266.54,50445.20,49287.16
1680,240,24.0,41819.33,41086.83,49890.41,42567.64,42189.66,42386.86,45783.37,46344.20,44729.82,42090.25
1681,240,24.0,38684.79,38595.04,46752.10,38794.94,38498.99,41873.46,43861.13,44589.14,38273.49,38698.55
1682,240,24.0,48272.93,45651.90,52765.06,47211.10,46343.01,51471.25,52544.21,54318.91,43247.83,46829.91
1683,240,24.0,49329.91,46206.01,52732.15,48582.74,47119.56,55262.84,54196.58,55806.95,45331.64,48264.14
1684,240,24.0,49305.54,46338.18,52739.23,48113.12,47895.41,54034.88,53746.39,55005.98,48992.90,48232.05
1685,240,24.0,50088.80,46158.96,53159.10,47533.12,48332.76,53346.65,53266.64,54886.69,51170.94,48194.86
1686,240,24.0,50532.28,45166.79,53555.18,46341.73,46954.48,51092.45,52418.76,54626.85,50593.21,48295.14
1687,241,24.0,44337.12,39718.37,47652.44,38248.18,40090.47,46537.94,44400.95,51274.76,42999.94,41847.65
1688,241,24.0,39405.96,35927.08,44528.09,34932.19,36910.65,47054.85,41180.68,47990.53,38360.33,38778.01
1689,241,24.0,47661.39,42894.59,54268.89,44098.89,46239.86,53042.86,50210.88,56107.80,46750.32,49499.76
1690,241,24.0,49030.76,42831.42,55829.91,46037.68,48337.65,52239.05,51253.92,58149.28,49049.87,50744.20
1691,241,24.0,49651.79,42801.31,55800.04,47856.25,49652.15,49155.92,51351.53,58120.62,48537.53,50686.32
1692,241,24.0,49979.42,42648.56,55780.59,49174.48,49908.09,49064.99,50670.09,56646.28,48415.68,49128.23
1693,241,24.0,49187.26,42347.50,55762.98,48522.27,47245.72,46957.35,47639.86,58251.74,48174.85,44686.29
1694,242,24.0,31815.84,26722.29,40146.10,33133.49,32385.58,33021.05,34538.95,39331.50,36601.51,32631.54
1695,242,24.0,34564.17,30116.73,42506.65,34887.96,33450.96,34311.84,35151.23,42102.64,38809.67,34028.88
1696,242,24.0,43977.11,40714.13,50498.82,45966.25,43919.53,44631.39,47625.14,48807.05,48247.61,45785.03
1697,242,24.0,45067.10,42326.90,52078.96,48075.12,44971.97,45863.58,50286.82,47719.82,49253.60,47707.97
1698,242,24.0,45374.15,43768.40,53603.92,49142.84,45100.61,46095.27,50837.66,47309.81,49342.53,47646.74
1699,242,24.0,45985.24,42659.99,52184.73,50121.59,42391.47,45971.97,51952.91,45252.25,49053.41,46829.43
1700,242,24.0,45256.19,42146.71,51433.37,50434.37,40710.88,44789.90,52502.74,43534.43,48589.10,45614.15
1701,243,24.0,34614.51,32010.29,44217.99,41406.99,30893.20,33665.00,42313.88,34101.74,38751.25,35209.45
1702,243,24.0,33852.85,30740.04,44166.31,40046.15,30890.37,32528.10,41309.27,34313.88,37019.75,35101.65
1703,243,24.0,44903.73,39430.49,50991.25,48858.67,40893.20,42207.53,49976.56,44054.78,46950.74,45510.67
1704,243,24.0,46762.69,40859.19,52778.26,50430.68,43078.29,43048.72,50097.27,46440.49,47412.62,47528.95
1705,243,24.0,46715.74,42027.07,51716.98,50375.39,41998.11,43593.02,48429.28,45818.31,46467.20,47074.15
1706,243,24.0,38899.04,34972.43,42076.10,41250.10,33608.79,34053.94,38103.21,35198.88,37376.88,36522.90
1707,243,24.0,42415.07,38927.56,43834.79,43848.56,36374.11,37761.68,40693.08,37568.89,39529.79,40923.47
1708,244,24.0,41031.82,37669.07,41166.21,42578.66,35876.19,37931.66,41328.98,37375.20,39542.75,41452.79
1709,244,24.0,36969.85,32292.96,37023.00,38199.87,32624.11,33437.43,39028.45,35152.87,35782.89,38355.30
1710,244,24.0,45296.74,37657.24,46105.60,45515.07,43103.00,43090.21,47467.66,44168.83,44738.23,47971.26
1711,244,24.0,46653.96,38189.02,46040.12,47570.61,45191.87,44357.20,48682.37,45777.81,45788.87,49215.09
1712,244,24.0,46779.58,38917.74,45833.25,48438.06,45132.46,45468.80,48777.93,45639.91,45343.78,48895.74
1713,244,24.0,45853.64,38590.19,46305.04,47876.73,44713.59,46129.46,44856.79,45697.85,44511.34,49079.15
1714,244,24.0,44632.51,39265.57,45080.32,47670.24,43350.78,45646.52,44104.83,45411.12,43467.42,47269.75
1715,245,24.0,37508.58,35326.36,37475.12,41405.77,36937.64,39564.21,36912.46,38868.04,36318.77,39191.75
1716,245,24.0,32544.79,32642.54,33521.49,35199.02,33962.09,36811.25,33724.93,32567.28,32617.44,33469.13
1717,245,24.0,40183.68,41415.34,44301.17,42930.04,42601.51,44962.51,41471.70,42234.67,43699.13,43941.32
1718,245,24.0,41147.06,41275.40,45644.44,43081.73,43094.71,46154.64,43982.45,43737.69,45623.66,44269.38
1719,245,24.0,40707.32,41360.68,46040.95,42895.97,43376.87,46073.68,44100.93,44434.89,45768.00,44391.83
1720,245,24.0,40719.35,40896.73,46353.60,43233.91,42732.55,45496.18,43079.72,44429.46,46370.81,44652.11
1721,245,24.0,40190.49,41975.82,46213.82,43090.89,41087.64,45510.29,42237.48,44027.39,46184.60,44308.54
1722,246,24.0,35892.42,36642.58,40579.19,38523.07,32641.38,40191.51,35252.93,37740.60,38923.37,39028.42
1723,246,24.0,33627.64,33392.22,37328.79,34112.33,29871.88,36530.69,30873.31,34317.55,33728.44,37062.87
1724,246,24.0,40907.88,40680.24,46090.62,44320.48,39727.76,45049.29,40469.51,43384.44,43513.28,45891.13
1725,246,24.0,43090.17,39558.24,48504.73,44387.11,42044.55,46586.10,44209.52,45892.92,44496.29,46664.26
1726,246,24.0,43602.85,39624.20,49306.29,44963.33,42301.16,46905.97,44656.73,46443.60,44288.34,46491.97
1727,246,24.0,44254.99,39567.35,49376.08,45781.06,42499.83,45939.42,45140.18,46235.50,44556.21,46306.01
1728,246,24.0,43425.43,39021.92,49283.16,45486.68,42508.90,45689.37,45045.97,45677.64,44342.50,46587.99
1729,247,24.0,39194.15,32720.85,43312.25,38618.54,37771.36,39282.05,40145.57,39723.27,38333.81,40497.66
1730,247,24.0,35362.78,29810.24,39756.67,34464.59,33848.63,34317.88,36019.98,38017.63,33850.86,36116.86
1731,247,24.0,45091.71,36356.28,47275.26,43648.42,40067.02,44205.93,43318.57,42965.11,43507.65,44721.34
1732,247,24.0,46422.27,38086.68,48825.13,46113.25,41669.54,45622.81,44869.84,43918.07,44871.28,45838.75
1733,247,24.0,45768.05,39021.70,47871.25,46359.55,41769.36,45906.85,45074.33,43961.66,44991.73,47125.30
1734,247,24.0,46025.44,39259.24,47552.30,47530.96,41825.08,45925.32,45103.22,44254.69,44305.28,47212.09
1735,247,24.0,45107.69,38813.77,47070.22,47081.82,41513.99,45382.19,45242.58,43968.79,43751.49,47172.17
1736,248,24.0,40306.15,34871.89,41026.84,40009.61,37645.91,38825.47,41494.82,41944.68,38168.91,40964.77
1737,248,24.0,35947.67,32372.64,38723.43,37255.40,35169.06,34122.25,38099.17,39012.17,35022.73,36454.88
1738,248,24.0,45518.59,38325.71,45163.82,44405.49,40736.75,43207.14,46480.92,44263.68,44096.64,45544.07
1739,248,24.0,46824.78,38459.93,46404.05,45924.48,42174.59,43810.52,47921.34,45615.89,45264.10,47009.73
1740,248,24.0,46530.44,40204.69,46610.47,46167.27,42091.10,44136.82,47872.23,45291.00,45492.03,47476.22
1741,248,24.0,46018.29,39452.50,46363.32,46238.70,42255.54,44398.21,48001.53,45336.56,45588.66,47780.69
1742,248,24.0,46050.08,39200.30,45508.72,46003.75,42087.09,43836.27,47909.75,44432.77,45413.87,46077.35
1743,249,24.0,37467.91,35282.49,41828.38,41167.14,38619.86,36795.38,41302.10,41627.42,39517.76,40084.79
1744,249,24.0,37077.05,30618.58,38856.12,36281.43,35264.37,31849.88,38948.29,38075.73,36000.98,36743.53
1745,249,24.0,44207.78,39107.97,45658.49,46030.54,39966.21,41517.13,46779.36,43679.82,43521.34,44841.04
1746,249,24.0,47098.51,39456.26,46803.29,47045.11,40942.68,42492.32,48301.66,45549.90,44408.59,46354.73
1747,249,24.0,47443.31,40785.30,46465.64,47189.08,41030.18,43799.60,48426.55,45870.74,43985.65,46381.97
1748,249,24.0,46917.57,41529.33,46155.00,47694.89,41564.92,44384.97,48540.41,45150.37,44017.17,46453.13
1749,249,24.0,46689.50,41634.96,45884.19,47561.78,42044.86,44124.27,48441.03,43911.46,43960.45,46451.26
